Behave Select, format x,yyy,zzz
x: 0=roll, 1=pitch, 2=hop, 3=hop then spaz  yyy: PWM val  zzz: millis
0,0,0,0,54
0.12,-0.10,1.00,-2.48,-4.11,0.26,0,0,0,0,63
0.12,-0.11,1.01,-2.47,-4.12,0.26,0,0,0,0,73
0.12,-0.11,1.00,-2.48,-4.12,0.26,0,0,0,0,82
0.12,-0.11,0.99,-2.48,-4.12,0.26,0,0,0,0,91
0.12,-0.11,1.00,-2.48,-4.12,0.26,0,0,0,0,100
0.12,-0.12,1.00,-0.00,-0.00,-0.00,100,100,100,100,10
0.12,-0.12,0.99,-0.00,-0.01,-0.00,100,100,100,100,20
0.13,-0.12,1.00,-0.00,-0.01,-0.00,100,100,100,100,30
0.13,-0.11,1.00,-0.00,-0.01,-0.00,100,100,100,100,40
0.12,-0.12,1.00,-0.00,-0.01,-0.00,100,100,100,100,50
0.10,-0.11,1.02,-0.00,-0.01,-0.00,100,100,100,100,60
0.14,-0.07,0.99,-0.01,-0.02,-0.00,100,100,100,100,70
0.11,-0.13,0.98,-0.03,-0.02,-0.00,100,100,100,100,80
0.11,-0.13,1.01,-0.03,-0.03,-0.00,100,100,100,100,90
0.18,-0.07,1.00,-0.02,-0.03,-0.00,100,100,100,100,100
0.08,-0.18,0.99,-0.03,-0.02,-0.00,100,100,100,100,110
0.13,-0.10,1.00,-0.02,-0.02,-0.00,100,100,100,100,120
0.17,-0.06,0.99,-0.02,-0.03,-0.00,100,100,100,100,130
0.06,-0.20,1.00,-0.04,-0.02,-0.00,100,100,100,100,141
0.15,-0.06,0.97,-0.02,-0.03,-0.00,100,100,100,100,151
0.18,-0.08,1.00,-0.02,-0.03,-0.00,100,100,100,100,161
0.07,-0.19,1.01,-0.04,-0.01,-0.00,100,100,100,100,172
0.15,-0.03,0.99,-0.02,-0.02,-0.00,100,100,100,100,182
0.14,-0.11,1.00,-0.03,-0.02,-0.00,100,100,100,100,193
0.07,-0.19,1.00,-0.04,-0.02,-0.00,100,100,100,100,204
0.17,-0.05,1.00,-0.01,-0.02,-0.00,38,184,109,212,10
0.14,-0.12,1.01,-0.03,-0.01,-0.00,3,111,123,183,21
0.07,-0.18,1.00,-0.03,-0.01,-0.00,125,200,236,110,31
0.17,-0.02,0.97,-0.01,-0.01,-0.00,144,68,129,150,42
0.13,-0.14,1.00,-0.03,-0.01,-0.00,55,139,138,245,52
0.08,-0.17,1.00,-0.03,0.00,-0.00,32,210,129,209,62
0.18,-0.03,0.98,-0.01,-0.01,-0.00,1,240,124,73,73
0.12,-0.15,1.01,-0.03,0.00,-0.00,187,96,138,22,83
0.09,-0.14,1.00,-0.02,0.01,0.00,237,139,170,251,93
0.17,-0.05,0.98,-0.01,0.00,0.00,215,161,127,59,104
0.10,-0.17,0.99,-0.03,0.01,-0.00,124,234,237,185,114
0.10,-0.12,1.01,-0.01,0.01,0.00,69,146,172,206,125
0.98,0.00,0.00,-0.04,0.04,-0.38,52,12,65,97,135
53,144,100,23,189
114,67,254,219,192
177,69,114,197,194
0.16,-0.09,1.00,0.35,0.45,0.14,19,223,119,116,204
0.13,-0.15,1.00,0.35,0.46,0.14,111,220,78,190,214
0.15,-0.10,0.99,0.34,0.47,0.14,128,130,130,254,224
0.17,-0.08,1.02,0.28,0.50,0.14,210,187,155,140,234
0.10,-0.09,1.01,0.23,0.54,0.15,99,153,96,2,244
0.17,-0.09,1.00,0.16,0.56,0.16,76,209,134,127,253
0.15,-0.06,1.02,0.17,0.60,0.19,113,38,232,91,263
0.08,-0.16,1.01,0.23,0.59,0.20,154,153,205,210,273
0.14,-0.11,1.01,0.28,0.59,0.19,242,141,30,106,283
0.14,-0.09,0.94,0.28,0.65,0.20,234,3,223,73,293
0.10,-0.16,0.95,0.29,0.67,0.19,165,180,195,151,303
0.12,-0.13,1.04,0.41,0.67,0.21,17,228,94,161,312
0.15,-0.03,0.96,0.45,0.67,0.22,170,129,68,184,322
0.14,-0.06,0.85,0.37,0.70,0.21,165,26,47,48,332
0.20,-0.13,0.99,0.44,0.73,0.24,132,72,14,48,342
0.11,-0.11,1.06,0.60,0.73,0.25,82,185,195,182,352
0.15,-0.09,0.95,0.59,0.73,0.25,65,41,158,174,361
0.16,-0.09,0.93,0.44,0.80,0.24,158,159,151,108,371
0.11,-0.12,1.00,0.45,0.88,0.25,157,63,42,164,381
0.12,-0.11,0.96,0.53,0.86,0.27,169,238,89,227,391
0.12,-0.12,0.98,0.62,0.86,0.29,112,168,195,199,401
0.13,-0.11,0.96,0.67,0.88,0.31,252,201,52,213,412
0.07,-0.09,0.96,0.65,0.91,0.30,142,52,201,114,422
0.16,-0.11,0.99,0.61,0.91,0.29,250,135,29,46,432
0.13,-0.14,0.99,0.56,0.93,0.28,32,125,139,38,442
0.10,-0.06,0.96,0.54,0.97,0.30,143,77,18,187,452
0.15,-0.14,1.00,0.57,0.98,0.31,191,211,181,114,463
0.12,-0.14,0.95,0.63,1.00,0.32,237,160,179,100,473
0.10,-0.10,0.98,0.70,1.02,0.33,71,197,40,113,483
0.12,-0.09,0.99,0.77,1.01,0.34,118,12,147,211,494
0.15,-0.09,0.99,0.79,1.02,0.34,46,49,225,129,504
0.13,-0.16,1.03,0.78,1.04,0.34,24,89,25,102,514
0.14,-0.05,1.00,0.77,1.06,0.34,248,15,222,93,524
0.11,-0.09,0.94,0.74,1.06,0.34,102,1,16,237,534
0.08,-0.13,1.02,0.82,1.07,0.35,138,93,212,186,545
0.20,-0.06,1.01,0.86,1.07,0.36,165,250,106,196,555
0.11,-0.10,0.98,0.82,1.11,0.35,223,163,224,172,565
0.13,-0.14,1.03,0.85,1.12,0.36,163,21,64,93,575
237,84,53,36,630
232,46,48,134,633
0.16,-0.11,1.00,1.23,2.32,0.61,93,96,110,140,643
0.10,-0.12,1.00,1.21,2.32,0.60,40,132,147,70,652
0.16,-0.12,1.04,1.26,2.30,0.61,17,179,36,72,662
0.13,-0.09,0.97,1.25,2.32,0.61,48,216,118,156,672
0.11,-0.15,1.01,1.25,2.33,0.61,110,201,72,45,682
0.12,-0.12,1.04,1.29,2.34,0.62,148,227,151,187,692
0.16,-0.09,1.00,1.26,2.37,0.61,206,108,197,17,701
0.13,-0.08,1.06,1.21,2.40,0.63,39,84,175,9,711
0.15,-0.08,1.01,1.19,2.39,0.64,21,41,126,52,721
0.13,-0.12,1.00,1.14,2.39,0.64,157,92,105,172,731
0.10,-0.12,0.98,1.15,2.40,0.66,92,91,21,105,740
0.11,-0.09,1.05,1.18,2.38,0.66,76,172,84,234,750
0.11,-0.07,0.98,1.12,2.36,0.65,237,78,67,165,760
0.15,-0.10,0.98,1.03,2.38,0.63,100,125,200,108,770
0.14,-0.09,0.92,1.18,2.50,0.70,249,71,176,205,780
0.15,-0.06,0.81,1.23,2.46,0.73,79,187,160,241,789
-0.06,-0.23,0.61,1.22,2.23,0.70,131,127,209,251,799
0.14,-0.13,0.85,1.45,2.10,0.72,14,194,89,30,809
0.15,-0.04,0.86,1.44,2.08,0.72,128,224,112,13,819
0.12,-0.09,0.95,1.33,2.06,0.71,232,211,123,108,829
0.12,-0.08,0.97,1.31,2.04,0.71,176,20,130,83,839
0.15,-0.12,1.01,1.28,2.03,0.71,121,243,180,61,849
0.13,-0.11,1.04,1.28,2.02,0.71,111,224,9,250,860
0.14,-0.10,1.00,1.25,2.00,0.71,18,226,230,189,870
0.10,-0.13,0.94,1.12,1.98,0.71,165,204,60,182,880
0.12,-0.10,0.97,1.04,1.99,0.75,195,205,31,186,890
0.14,-0.13,0.94,1.04,1.96,0.78,138,30,248,1,901
0.14,-0.12,1.03,1.08,1.88,0.79,97,56,31,69,911
0.20,-0.12,1.03,1.12,1.83,0.80,33,146,96,70,921
0.10,-0.05,0.99,1.06,1.85,0.79,92,157,49,197,931
0.13,-0.20,1.01,1.01,1.85,0.79,166,78,121,176,941
0.15,-0.10,0.92,0.99,1.91,0.79,17,14,253,37,951
0.17,-0.18,0.91,0.79,1.81,0.76,56,82,148,40,961
0.11,-0.09,0.99,0.81,1.79,0.76,120,97,242,93,972
0.18,-0.08,1.05,0.88,1.73,0.78,214,196,50,8,982
0.12,-0.08,0.98,0.93,1.68,0.78,130,137,29,28,992
0.11,-0.10,0.96,0.92,1.62,0.78,100,64,81,77,1002
0.14,-0.13,0.95,0.89,1.60,0.78,176,11,212,64,1012
0.13,-0.06,0.99,0.85,1.60,0.77,131,79,227,134,1023
232,193,165,44,1078
215,225,208,230,1080
22,82,185,48,1083
0.15,-0.11,1.02,0.12,1.20,0.93,63,23,26,50,1092
0.26,-0.10,0.76,-0.02,1.64,0.93,103,16,161,230,1102
0.25,-0.08,0.78,-0.16,1.93,0.91,101,73,164,81,1112
0.19,-0.10,0.89,-0.11,1.74,0.91,121,38,7,172,1122
0.16,-0.11,0.92,0.03,1.02,0.88,178,229,88,5,1132
0.15,-0.10,0.87,0.24,-0.01,0.84,188,93,120,127,1142
0.43,0.18,2.00,0.58,-1.19,0.82,85,135,12,177,1152
-0.50,-0.21,0.58,1.15,-1.88,0.89,85,123,34,59,1161
0.47,-0.17,0.52,0.95,-1.91,0.95,165,188,35,3,1171
-0.03,0.01,0.84,0.42,-1.80,0.89,227,47,197,173,1181
0.05,-0.14,1.11,0.54,-1.59,0.96,120,140,54,46,1191
0.17,-0.13,1.26,0.68,-1.68,1.01,119,182,19,105,1201
0.13,-0.21,0.70,0.56,-1.93,0.98,175,127,35,155,1211
0.05,-0.08,0.98,0.82,-1.98,1.03,98,174,78,240,1221
0.07,-0.14,0.94,0.84,-2.08,1.05,157,175,69,8,1231
0.11,-0.06,0.95,0.69,-2.09,1.02,90,188,127,34,1241
0.11,-0.16,1.00,0.69,-2.12,1.04,236,74,94,84,1250
0.10,-0.17,1.04,0.81,-2.15,1.06,13,20,132,43,1260
0.23,-0.05,0.94,0.76,-2.14,1.04,223,141,146,48,1270
0.17,-0.14,0.96,0.60,-2.05,1.02,91,30,9,153,1280
0.11,-0.15,1.08,0.63,-1.95,1.04,124,89,223,123,1291
0.08,-0.10,1.00,0.71,-1.83,1.10,123,137,237,226,1301
0.16,-0.11,0.95,0.53,-1.77,1.09,174,172,224,209,1312
0.14,-0.12,0.93,0.49,-1.73,1.08,232,57,219,225,1322
0.16,-0.12,0.97,0.53,-1.84,1.09,213,24,167,204,1332
0.20,-0.12,0.84,0.56,-2.13,1.07,61,80,226,160,1343
0.08,-0.14,0.98,0.72,-2.19,1.11,228,233,110,96,1353
0.10,-0.11,0.85,0.65,-2.26,1.10,171,239,47,115,1363
0.12,-0.10,1.00,0.50,-2.28,1.09,31,63,153,245,1374
0.25,-0.07,0.97,0.44,-2.33,1.10,87,87,90,214,1384
0.13,-0.11,1.02,0.48,-2.30,1.10,185,40,242,161,1394
0.10,-0.09,0.94,0.54,-2.34,1.11,40,188,196,111,1405
0.15,-0.03,0.88,0.49,-2.40,1.10,39,235,161,184,1415
0.14,-0.12,0.94,0.44,-2.43,1.10,61,26,189,249,1425
0.10,-0.16,0.94,0.49,-2.46,1.12,71,13,199,148,1436
0.10,-0.11,0.96,0.52,-2.49,1.13,222,77,79,175,1446
0.13,-0.13,1.02,0.51,-2.50,1.13,39,212,160,39,1456
0.13,-0.07,1.03,0.47,-2.51,1.13,19,165,26,198,1467
197,187,224,155,1522
75,134,232,190,1524
233,219,135,154,1527
0.13,-0.15,0.96,0.09,-3.17,1.34,244,113,12,204,1537
0.10,-0.10,1.04,0.08,-3.17,1.34,128,22,147,54,1547
0.18,-0.09,0.98,0.07,-3.19,1.35,33,171,237,172,1557
0.20,-0.08,0.97,0.10,-3.18,1.37,158,199,251,33,1567
0.12,-0.17,0.92,0.14,-3.23,1.38,17,162,249,223,1577
0.13,-0.06,0.93,0.18,-3.47,1.36,202,150,160,101,1587
-0.07,0.20,1.49,0.20,-3.97,1.32,203,152,161,254,1597
-0.05,-0.22,1.34,0.44,-4.34,1.34,96,228,167,60,1606
0.12,-0.04,1.16,0.39,-4.42,1.33,141,153,238,54,1616
0.12,-0.11,0.92,0.16,-4.37,1.30,75,74,36,1,1626
0.21,-0.07,0.85,0.12,-4.32,1.29,103,177,65,100,1636
-0.03,-0.18,0.85,0.11,-4.44,1.29,72,45,68,49,1646
0.04,-0.06,0.96,0.25,-4.52,1.28,141,41,107,21,1656
0.08,-0.06,1.03,0.23,-4.59,1.28,25,11,53,25,1665
0.15,-0.11,1.09,0.10,-4.60,1.26,226,211,211,116,1675
0.15,-0.13,0.97,0.06,-4.45,1.29,199,217,6,200,1685
0.12,-0.07,0.93,0.01,-4.25,1.33,253,47,217,126,1695
0.17,-0.10,1.00,-0.10,-4.24,1.35,178,178,109,140,1705
0.17,-0.12,0.97,0.02,-4.23,1.41,65,136,47,5,1715
0.12,-0.08,0.90,0.09,-4.37,1.42,34,252,74,96,1725
0.09,-0.09,0.74,0.09,-4.65,1.39,86,61,166,192,1736
0.14,-0.21,0.99,0.29,-4.73,1.41,20,91,54,49,1746
0.10,-0.11,0.82,0.24,-4.72,1.40,17,3,12,63,1756
0.14,-0.04,0.88,0.01,-4.66,1.38,144,196,160,38,1766
0.14,-0.02,1.08,0.01,-4.67,1.39,232,169,142,70,1776
-0.02,-0.13,1.02,0.22,-4.78,1.41,25,42,1,15,1787
0.11,-0.13,1.00,0.31,-4.87,1.41,68,19,153,79,1797
0.12,-0.13,0.89,0.18,-4.87,1.39,181,55,188,185,1807
0.09,-0.11,1.05,0.20,-4.89,1.39,199,14,153,10,1817
0.11,-0.13,1.03,0.26,-4.94,1.40,204,238,88,194,1828
0.09,-0.06,1.00,0.13,-4.96,1.38,175,69,93,72,1838
0.13,-0.13,0.91,-0.03,-4.90,1.37,182,11,27,32,1848
0.15,-0.12,1.06,-0.07,-4.70,1.39,127,81,229,182,1859
0.14,-0.05,1.09,-0.23,-4.50,1.43,202,202,205,217,1869
0.16,-0.13,0.95,-0.11,-4.14,1.54,238,210,162,146,1880
0.15,-0.10,0.93,-0.06,-3.82,1.61,210,208,18,82,1890
0.08,-0.11,1.01,-0.37,-3.75,1.57,245,90,104,90,1901
0.20,-0.15,0.93,-0.39,-3.57,1.60,172,10,214,70,1911
90,246,93,121,1966
5,67,240,131,1969
96,1,187,4,1971
0.20,-0.11,1.00,-1.84,-3.75,1.74,204,159,230,130,1981
0.13,0.05,0.80,-1.82,-3.88,1.72,162,15,131,192,1991
-0.06,-0.01,1.09,-1.60,-4.10,1.75,103,107,152,49,2001
0.19,-0.17,1.08,-1.47,-4.30,1.77,244,228,34,7,2011
0.16,-0.04,1.06,-1.66,-4.25,1.72,83,254,21,161,2021
0.12,-0.09,0.97,-1.74,-4.23,1.72,114,181,27,157,2031
0.20,-0.17,1.46,-1.70,-4.31,1.73,228,43,71,122,2041
0.07,-0.21,1.14,-1.59,-4.40,1.74,161,205,114,145,2051
0.11,-0.03,1.04,-1.63,-4.44,1.73,189,181,231,8,2061
0.16,-0.15,1.05,-1.87,-4.36,1.70,9,178,30,92,2071
0.23,-0.10,1.02,-1.93,-3.98,1.73,104,98,74,36,2081
0.07,-0.18,1.13,-2.26,-3.69,1.74,121,200,80,205,2091
0.34,0.00,0.89,-2.45,-3.71,1.74,136,25,204,4,2101
0.04,-0.09,0.95,-2.71,-3.77,1.76,164,135,254,9,2111
0.19,0.14,0.81,-2.71,-4.00,1.78,118,43,237,47,2121
0.41,-0.49,1.69,-2.35,-3.63,1.94,55,121,216,91,2131
0.28,-0.18,0.96,-1.83,-3.56,2.04,136,82,59,137,2140
0.10,-0.26,0.93,-2.24,-4.14,1.93,164,21,46,248,2150
0.40,-0.21,1.18,-2.13,-4.64,1.88,128,236,62,221,2161
0.06,-0.13,0.45,-1.73,-4.47,1.98,170,143,236,97,2171
-0.05,-0.06,0.62,-1.71,-4.62,2.01,68,62,57,179,2181
0.10,-0.02,0.77,-1.88,-4.69,2.02,11,235,112,215,2192
0.12,-0.12,0.95,-1.94,-4.71,2.03,11,170,104,29,2202
0.11,-0.15,1.05,-1.85,-4.75,2.04,95,122,164,168,2213
0.26,-0.04,1.00,-1.90,-4.78,2.03,140,170,246,167,2223
0.09,-0.11,0.96,-2.13,-4.73,2.00,248,178,190,248,2234
0.18,-0.22,0.90,-2.08,-4.72,2.01,210,46,100,120,2244
0.13,0.08,1.09,-1.84,-4.80,2.06,241,64,21,22,2254
0.22,-0.11,1.00,-1.75,-4.91,2.08,69,127,254,250,2265
0.16,-0.10,0.97,-1.92,-4.86,2.03,123,253,203,154,2276
0.19,-0.13,0.99,-2.02,-4.85,2.01,79,216,113,85,2286
0.11,-0.12,1.13,-1.95,-4.86,2.02,86,53,136,117,2296
0.15,-0.15,1.00,-1.95,-4.91,2.02,193,141,176,183,2307
0.13,-0.10,0.94,-2.03,-4.90,2.01,56,24,181,147,2317
0.08,-0.14,1.00,-2.03,-4.92,2.01,56,48,38,46,2328
0.15,-0.10,0.99,-2.04,-4.96,2.01,135,140,133,39,2338
0.16,-0.10,1.02,-2.14,-4.97,2.00,232,138,112,46,2348
158,80,35,135,2403
0.12,-0.13,0.98,-2.54,-5.98,2.16,250,89,13,182,2413
0.12,-0.08,1.04,-2.51,-6.01,2.17,178,117,33,230,2424
0.14,-0.12,0.97,-2.52,-6.05,2.16,131,61,80,139,2433
0.17,-0.10,0.98,-2.56,-5.99,2.16,29,184,96,236,2443
0.14,-0.09,1.04,-2.63,-5.93,2.17,182,210,177,24,2454
0.14,-0.11,0.96,-2.70,-5.89,2.19,163,125,62,193,2464
0.18,-0.09,0.93,-2.64,-5.89,2.23,51,251,71,110,2474
0.10,-0.13,0.78,-2.57,-6.05,2.25,11,30,42,61,2483
0.05,-0.18,0.84,-2.54,-6.10,2.26,223,207,86,224,2493
0.05,-0.08,0.88,-2.74,-6.14,2.26,242,96,213,227,2503
0.02,-0.15,1.08,-2.77,-6.02,2.29,129,131,12,12,2513
0.17,-0.04,1.06,-2.58,-5.91,2.36,15,97,110,32,2523
0.14,-0.04,0.98,-2.73,-5.93,2.34,131,92,119,121,2533
0.26,-0.16,0.89,-2.79,-5.98,2.30,165,160,162,192,2543
-0.12,0.06,1.48,-2.81,-6.04,2.27,92,253,4,19,2553
0.08,0.05,1.20,-2.75,-6.30,2.26,206,216,137,26,2563
0.10,-0.13,1.01,-2.63,-6.42,2.26,125,164,251,115,2573
0.12,-0.18,1.12,-2.51,-6.48,2.27,129,214,128,32,2583
0.18,-0.05,1.03,-2.60,-6.48,2.25,130,163,253,87,2593
0.12,-0.11,1.06,-2.83,-6.34,2.26,67,33,195,94,2604
0.11,-0.39,1.04,-2.78,-6.03,2.29,112,165,189,188,2614
0.18,-0.11,0.83,-2.73,-5.54,2.35,244,41,245,204,2625
0.13,-0.06,0.82,-2.92,-5.25,2.35,75,187,180,20,2635
0.16,-0.13,0.84,-2.91,-5.17,2.37,183,136,167,146,2646
0.23,-0.08,0.91,-2.90,-5.48,2.34,171,203,78,227,2656
0.16,-0.04,1.95,-2.82,-6.21,2.28,111,168,252,194,2667
-0.50,-0.10,0.97,-2.19,-6.59,2.32,12,84,118,34,2677
0.38,-0.14,1.18,-2.24,-6.82,2.33,74,207,71,65,2687
0.04,-0.28,1.04,-2.77,-6.64,2.34,190,53,69,171,2698
0.17,-0.03,0.90,-2.84,-6.38,2.42,148,146,204,114,2708
0.26,-0.15,0.93,-2.80,-5.95,2.52,36,59,32,176,2719
0.11,-0.05,1.11,-2.98,-5.81,2.52,10,211,129,54,2729
0.08,-0.21,1.02,-2.91,-5.69,2.55,203,50,84,203,2739
0.11,-0.08,0.96,-2.78,-5.47,2.62,168,51,118,254,2750
0.14,-0.11,0.88,-2.97,-5.39,2.61,29,112,20,106,2760
0.13,-0.17,0.86,-2.90,-5.26,2.63,229,205,58,29,2771
0.21,-0.08,0.98,-2.93,-5.35,2.61,139,241,184,189,2781
8,103,248,146,2836
210,25,145,193,2839
0.13,-0.19,1.07,-3.34,-7.51,2.77,228,168,231,111,2849
0.13,-0.03,1.05,-3.57,-7.46,2.79,102,163,91,9,2859
0.13,-0.12,0.97,-3.71,-7.32,2.81,250,218,38,35,2869
0.14,-0.10,0.88,-3.62,-7.00,2.88,241,155,161,100,2879
0.22,-0.06,0.92,-3.80,-6.78,2.88,123,253,163,198,2889
0.14,-0.17,0.95,-3.92,-6.75,2.85,128,35,227,165,2899
0.06,-0.06,1.05,-3.80,-6.88,2.86,106,189,159,25,2909
0.18,-0.16,1.13,-3.77,-7.10,2.86,46,207,233,155,2919
0.11,-0.07,1.02,-3.77,-7.08,2.85,176,32,50,95,2929
0.09,-0.19,0.98,-3.77,-6.88,2.88,245,1,108,152,2939
0.14,-0.12,1.12,-3.92,-6.58,2.88,205,173,87,14,2949
0.16,-0.12,0.92,-4.24,-6.30,2.87,105,115,171,106,2959
0.22,-0.06,0.87,-4.43,-6.05,2.83,168,79,157,55,2969
0.17,0.00,0.80,-4.55,-5.74,2.88,114,152,53,64,2979
0.28,-0.55,1.23,-4.34,-5.31,2.97,77,94,78,84,2989
0.27,-0.09,0.85,-3.95,-5.29,3.02,18,249,220,92,2999
0.17,-0.26,0.81,-4.15,-5.88,2.93,245,190,70,56,3009
0.19,-0.08,0.89,-4.03,-6.74,2.84,194,197,81,251,3019
0.10,-0.35,0.70,-3.78,-7.33,2.78,192,169,170,134,3029
-0.14,-0.13,0.93,-3.16,-7.42,2.83,164,65,167,3,3040
0.26,-0.08,0.93,-3.16,-7.53,2.82,48,99,20,148,3050
0.06,-0.12,0.96,-3.53,-7.34,2.83,115,240,200,216,3060
0.15,-0.09,0.85,-3.44,-7.00,2.92,192,185,206,84,3071
0.12,-0.01,0.97,-3.55,-6.81,2.94,104,251,89,124,3081
0.25,-0.12,0.97,-3.80,-6.82,2.89,172,248,34,142,3092
0.16,-0.03,0.88,-3.70,-6.78,2.89,20,174,162,69,3102
0.14,-0.09,1.01,-3.70,-7.08,2.88,51,47,203,166,3113
0.15,-0.03,1.12,-3.53,-7.48,2.88,202,80,214,220,3123
0.18,-0.20,1.08,-3.28,-7.62,2.90,169,205,226,197,3134
0.23,-0.08,0.95,-3.48,-7.59,2.86,100,97,12,43,3144
0.06,-0.03,0.96,-3.68,-7.53,2.86,2,68,174,37,3154
0.06,-0.07,1.09,-3.61,-7.61,2.87,22,198,99,12,3165
0.15,-0.07,1.03,-3.64,-7.67,2.87,239,148,241,236,3175
0.10,-0.11,0.99,-3.86,-7.63,2.87,252,59,138,96,3186
0.07,-0.10,0.98,-3.90,-7.47,2.92,195,64,50,98,3196
0.11,-0.15,1.10,-3.75,-7.12,3.01,201,55,150,168,3206
0.12,-0.18,1.12,-4.00,-6.77,3.03,16,148,160,189,3217
71,204,193,220,3272
0.16,0.09,1.04,-4.35,-7.62,3.68,212,6,27,249,3281
0.11,-0.13,0.72,-4.24,-7.59,3.63,227,243,40,103,3291
0.17,-0.00,1.10,-3.72,-7.12,3.64,195,118,36,148,3301
-0.07,-0.06,1.26,-3.17,-6.91,3.73,171,39,56,120,3311
-0.16,-0.34,1.30,-2.54,-6.45,3.89,19,136,40,62,3321
0.36,-0.05,1.35,-2.15,-6.53,4.00,173,191,9,3,3331
-0.02,-0.22,0.82,-2.48,-6.58,4.02,17,168,216,108,3341
0.07,-0.11,0.86,-2.27,-6.43,4.15,151,174,238,50,3351
0.13,-0.04,1.11,-2.27,-6.44,4.22,51,63,40,229,3361
0.14,-0.09,0.87,-2.45,-6.61,4.19,215,53,132,205,3371
0.21,-0.19,0.90,-2.35,-6.76,4.18,239,81,247,142,3381
0.08,-0.13,0.96,-2.18,-6.79,4.17,138,18,103,247,3391
0.17,-0.06,1.01,-2.31,-6.77,4.16,102,181,140,207,3401
0.20,-0.02,0.83,-2.50,-6.70,4.13,197,138,44,244,3411
0.10,-0.11,0.92,-2.49,-6.74,4.10,175,196,181,146,3422
0.14,-0.17,0.96,-2.34,-6.85,4.09,5,31,172,53,3431
0.12,-0.09,0.85,-2.32,-6.85,4.09,217,157,65,103,3441
0.16,-0.12,0.89,-2.41,-6.86,4.07,9,182,154,96,3451
0.10,-0.19,1.03,-2.43,-6.87,4.09,98,248,167,12,3461
0.16,-0.12,1.00,-2.46,-6.90,4.09,10,107,93,1,3472
0.15,-0.11,1.02,-2.54,-6.88,4.10,248,217,118,140,3482
0.18,-0.12,1.12,-2.48,-6.83,4.14,125,171,10,184,3493
0.13,-0.08,1.08,-2.38,-6.75,4.18,102,178,125,140,3503
0.10,-0.10,0.87,-2.45,-6.67,4.18,85,86,242,207,3514
0.11,-0.15,0.98,-2.62,-6.61,4.15,124,212,199,147,3524
0.18,-0.07,0.91,-2.71,-6.68,4.13,195,12,34,225,3534
0.15,-0.16,1.06,-2.84,-6.83,4.11,210,63,61,175,3545
0.24,-0.03,0.97,-2.93,-7.06,4.09,235,116,194,127,3555
0.04,-0.14,0.98,-3.10,-7.07,4.07,110,239,175,51,3566
0.18,-0.09,1.01,-3.25,-7.09,4.03,137,16,129,245,3576
0.13,-0.05,0.97,-3.41,-6.85,4.04,116,117,146,203,3587
0.21,-0.06,0.80,-3.38,-6.35,4.12,194,243,74,144,3597
0.15,-0.02,0.79,-3.18,-5.74,4.21,182,45,151,97,3608
0.28,-0.22,0.81,-2.87,-5.82,4.27,149,227,144,64,3618
0.08,0.15,2.00,-2.82,-6.59,4.18,41,31,149,113,3629
0.11,-0.25,1.52,-2.41,-7.15,4.18,167,145,211,149,3639
0.40,-0.09,1.03,-2.39,-7.24,4.15,165,34,152,220,3650
32,109,152,74,3704
89,31,113,231,3707
0.08,-0.18,0.97,-3.47,-7.79,4.31,246,40,94,126,3717
0.14,-0.07,0.96,-3.49,-7.81,4.30,164,62,248,86,3727
0.10,-0.12,1.07,-3.54,-7.79,4.30,187,74,193,37,3737
0.12,-0.11,1.05,-3.51,-7.79,4.31,77,196,144,243,3747
0.15,-0.09,0.92,-3.50,-7.80,4.32,243,110,164,196,3757
0.07,-0.15,0.95,-3.52,-7.85,4.31,91,195,76,2,3767
0.14,-0.12,0.98,-3.45,-7.90,4.32,125,168,164,118,3777
0.15,-0.12,1.01,-3.45,-7.91,4.32,214,99,109,75,3787
0.17,-0.12,0.96,-3.52,-7.90,4.31,71,151,211,124,3797
0.07,-0.14,0.96,-3.70,-7.88,4.33,206,196,237,59,3807
0.10,0.04,0.93,-3.82,-7.96,4.35,20,132,144,178,3817
0.13,-0.04,0.85,-3.87,-7.77,4.43,23,213,166,74,3827
0.26,-0.25,0.94,-3.72,-7.31,4.52,10,170,231,229,3837
0.13,-0.01,1.13,-3.81,-7.26,4.48,95,188,129,127,3847
0.25,-0.16,1.06,-3.84,-7.49,4.43,166,86,87,179,3857
0.00,-0.01,1.28,-3.67,-7.70,4.39,102,109,185,76,3867
0.15,-0.07,1.08,-3.52,-7.95,4.41,208,73,57,13,3877
0.28,-0.06,1.00,-3.49,-7.99,4.43,93,210,101,49,3887
0.22,-0.12,0.97,-3.65,-7.94,4.40,6,85,141,104,3897
0.19,-0.15,0.99,-3.78,-7.88,4.38,109,74,151,244,3907
0.11,-0.18,1.02,-3.74,-7.85,4.39,24,235,207,50,3918
0.08,-0.13,0.87,-3.67,-7.79,4.41,109,68,99,197,3928
0.10,-0.03,1.19,-3.81,-7.80,4.38,241,109,179,26,3939
0.24,0.13,1.02,-3.86,-8.00,4.33,142,214,184,147,3949
0.13,-0.13,0.93,-3.79,-7.94,4.34,161,95,184,151,3960
0.13,-0.08,0.99,-3.76,-7.95,4.34,225,177,109,169,3970
0.07,-0.18,1.06,-3.89,-7.97,4.33,45,252,101,235,3981
0.14,-0.09,0.99,-3.98,-8.12,4.33,121,16,4,10,3991
0.16,-0.05,0.93,-4.16,-8.14,4.32,178,159,74,233,4001
0.07,-0.09,0.89,-4.28,-8.14,4.33,33,198,190,35,4012
0.13,-0.09,0.85,-4.23,-8.17,4.33,242,183,235,6,4022
0.21,-0.06,1.03,-4.07,-8.07,4.36,161,4,180,55,4032
-0.05,-0.08,1.08,-3.76,-8.03,4.40,156,231,170,135,4043
0.22,-0.13,1.01,-3.60,-8.18,4.42,224,183,196,79,4053
0.14,-0.11,1.05,-3.76,-8.08,4.38,253,41,128,28,4064
0.11,-0.15,0.96,-3.86,-8.02,4.36,190,135,185,185,4074
0.05,-0.10,1.16,-3.85,-8.05,4.36,75,231,14,74,4085
185,40,87,190,4139
163,232,243,199,4142
0.20,-0.09,0.98,-4.71,-5.46,4.74,210,90,86,60,4152
0.14,-0.11,0.99,-4.70,-5.45,4.75,25,109,170,135,4162
0.16,-0.19,0.97,-4.71,-5.58,4.74,86,152,72,134,4172
0.10,-0.18,1.04,-4.56,-5.67,4.77,216,165,167,168,4182
0.14,-0.13,1.02,-4.52,-5.73,4.77,124,186,137,68,4192
0.23,-0.05,1.02,-4.63,-5.70,4.75,39,51,15,207,4202
0.08,-0.11,1.07,-4.67,-5.66,4.76,17,227,223,102,4212
0.16,-0.06,1.05,-4.67,-5.69,4.76,220,65,116,195,4222
0.02,-0.11,1.12,-4.73,-5.65,4.76,223,178,83,201,4232
0.16,-0.13,1.10,-4.72,-5.54,4.78,1,223,236,161,4242
0.12,-0.06,0.92,-4.76,-5.22,4.81,221,124,231,220,4252
0.18,-0.13,0.91,-4.90,-4.92,4.81,184,199,148,209,4262
0.21,-0.11,0.90,-4.94,-4.70,4.82,134,224,202,37,4273
0.18,-0.12,0.81,-5.10,-5.06,4.76,86,121,35,17,4282
0.11,-0.13,0.41,-5.29,-6.00,4.59,170,145,65,2,4292
0.23,-0.33,1.27,-5.13,-5.81,4.65,98,74,136,188,4302
0.41,-0.17,0.94,-4.69,-5.52,4.71,53,182,221,159,4312
0.29,-0.02,1.30,-4.48,-5.58,4.73,86,211,142,212,4322
0.25,-0.14,1.06,-4.55,-5.60,4.76,230,70,221,66,4332
0.27,-0.19,0.99,-4.74,-5.48,4.81,200,138,97,84,4343
0.17,-0.14,1.00,-4.85,-5.28,4.86,152,100,39,95,4353
0.06,-0.00,1.34,-5.16,-5.60,4.82,245,136,44,241,4364
0.14,0.07,1.04,-5.40,-6.00,4.73,62,150,132,65,4374
0.13,-0.21,0.94,-5.68,-5.97,4.70,172,170,93,229,4384
0.10,-0.06,1.06,-5.72,-5.65,4.70,229,112,93,120,4395
0.22,-0.01,0.98,-5.72,-5.06,4.76,186,153,141,139,4405
0.20,-0.04,0.94,-5.50,-4.18,4.88,223,149,196,170,4416
0.08,-0.27,0.72,-5.05,-3.17,5.09,16,6,94,191,4426
0.19,0.15,1.12,-5.11,-2.99,5.09,251,70,178,77,4436
0.35,0.08,1.05,-5.42,-3.30,4.99,149,112,27,182,4447
0.09,-0.19,1.13,-5.18,-3.42,4.97,174,186,240,126,4457
0.06,0.04,0.99,-4.97,-3.91,4.98,245,136,84,173,4468
0.08,0.03,0.83,-5.02,-4.61,4.94,250,205,79,221,4478
0.16,0.01,1.12,-4.90,-5.39,4.89,171,61,51,125,4488
0.10,-0.38,1.10,-4.52,-5.90,4.88,160,28,246,112,4499
0.30,-0.00,0.88,-4.47,-5.97,4.87,24,88,95,56,4509
-0.00,-0.35,0.86,-4.97,-5.81,4.84,127,126,136,23,4520
189,155,227,42,4575
0.18,-0.17,0.94,-5.05,-5.75,5.17,71,188,99,195,4585
0.21,-0.10,0.92,-4.94,-6.10,5.16,55,213,212,18,4595
0.19,-0.16,1.03,-5.06,-6.65,5.09,199,187,237,108,4605
0.22,0.00,0.82,-5.21,-7.56,4.98,62,141,248,213,4615
0.11,-0.17,0.93,-5.24,-8.30,4.92,160,95,102,20,4625
-0.14,-0.19,1.13,-4.79,-8.46,5.04,180,246,220,244,4635
0.19,-0.10,1.33,-4.30,-8.85,5.15,160,9,144,94,4645
0.08,-0.08,1.02,-4.56,-9.10,5.13,30,66,215,32,4654
0.20,-0.12,0.86,-4.54,-9.06,5.10,69,184,238,214,4665
0.11,-0.09,0.87,-4.56,-9.02,5.02,111,104,192,83,4675
0.18,-0.20,0.92,-4.51,-9.21,4.92,147,121,43,227,4685
0.03,-0.26,1.08,-4.27,-9.34,4.90,219,208,183,224,4695
0.19,-0.13,1.01,-4.36,-9.43,4.87,247,98,249,17,4705
0.20,-0.16,0.84,-4.80,-9.46,4.85,40,241,30,225,4715
0.18,0.09,0.77,-5.08,-9.68,4.76,90,221,93,130,4725
0.26,-0.07,0.74,-5.21,-9.61,4.82,158,81,55,71,4734
0.16,0.04,1.13,-4.81,-9.42,4.89,126,236,176,102,4744
-0.19,-0.32,1.07,-4.18,-9.52,4.91,143,138,150,181,4755
0.14,-0.60,1.28,-4.09,-9.66,4.93,156,91,215,29,4765
0.10,-0.37,0.89,-4.59,-9.31,5.02,184,204,78,235,4775
0.26,0.04,0.78,-4.93,-9.26,5.10,62,96,70,213,4785
0.18,-0.21,1.10,-4.98,-8.74,5.28,243,63,167,57,4796
0.04,-0.13,0.90,-4.67,-7.99,5.48,127,168,244,195,4806
0.09,-0.10,1.20,-4.65,-7.74,5.52,34,156,225,95,4817
0.15,-0.16,0.93,-4.94,-7.74,5.46,161,143,153,126,4827
0.10,0.00,0.96,-5.17,-7.56,5.35,28,228,185,162,4838
0.21,0.10,0.77,-5.30,-6.91,5.30,81,166,246,218,4848
0.14,-0.32,0.78,-4.87,-5.83,5.39,105,202,169,151,4858
0.29,-0.26,1.42,-5.18,-5.62,5.33,24,62,170,136,4869
0.30,0.40,0.81,-6.10,-6.83,5.04,34,43,92,171,4879
0.16,-0.04,0.95,-7.30,-9.01,4.66,43,121,67,242,4889
0.11,0.36,1.20,-7.76,-10.81,4.43,225,87,9,218,4900
0.13,-0.01,0.55,-7.54,-11.34,4.45,2,212,233,243,4910
0.09,0.05,1.52,-6.58,-9.66,4.83,6,52,175,80,4920
0.10,-0.54,0.75,-4.67,-8.43,5.30,82,47,70,253,4931
-0.09,-0.53,2.00,-4.33,-9.35,5.42,20,93,137,190,4941
0.07,-0.26,0.77,-4.43,-9.61,5.44,77,1,222,75,4951
14,20,195,57,5009
0.10,-0.17,1.04,-5.52,-11.07,6.00,146,148,166,111,5020
0.18,-0.07,1.03,-5.51,-11.12,5.99,76,5,203,209,5030
0.12,-0.08,0.95,-5.63,-11.09,5.98,249,19,93,217,5040
0.11,-0.05,0.88,-5.75,-11.06,5.96,1,8,196,102,5049
0.15,-0.11,1.02,-5.77,-11.10,5.94,78,119,173,127,5060
0.10,-0.15,1.06,-5.69,-11.12,5.94,38,213,1,189,5070
0.10,-0.03,1.04,-5.75,-11.09,5.93,99,99,48,176,5080
0.16,-0.10,0.94,-5.84,-10.94,5.94,122,14,144,214,5090
0.17,-0.07,0.80,-5.89,-10.80,5.96,164,139,129,145,5100
0.00,0.02,0.95,-6.00,-11.05,5.92,130,67,252,184,5110
0.15,-0.21,1.06,-5.71,-11.29,5.92,138,251,88,240,5120
0.16,-0.11,0.99,-5.65,-11.33,5.91,183,107,174,119,5130
0.21,-0.18,1.12,-5.95,-11.26,5.92,26,23,12,254,5140
0.25,-0.07,1.04,-6.25,-11.35,5.94,53,63,80,98,5150
0.09,-0.07,0.98,-6.57,-11.46,5.92,218,243,37,57,5160
0.14,-0.01,1.02,-6.80,-11.59,5.93,56,158,9,113,5170
0.14,-0.03,0.96,-6.97,-11.68,5.94,64,184,9,236,5180
0.10,-0.04,0.91,-7.02,-11.74,5.91,86,254,233,146,5190
0.16,-0.15,0.96,-6.94,-11.63,5.90,108,161,189,36,5200
122,76,156,235,5256
242,168,185,35,5258
0.16,-0.05,1.06,-7.30,-9.93,6.01,89,6,197,148,5268
0.18,-0.10,1.00,-7.24,-9.80,6.03,162,32,32,122,5278
0.17,-0.01,0.81,-6.99,-9.66,6.10,162,39,69,98,5288
0.11,-0.09,0.57,-6.61,-9.57,6.18,81,128,100,81,5298
0.25,-0.12,0.98,-6.07,-9.31,6.25,245,105,117,200,5308
-0.07,-0.11,1.09,-5.71,-9.46,6.24,206,22,80,69,5318
0.15,-0.06,0.87,-5.89,-9.51,6.22,158,240,24,110,5328
0.17,-0.07,0.82,-6.21,-9.36,6.22,172,58,96,177,5338
0.06,-0.11,1.21,-6.21,-9.34,6.24,75,253,63,234,5348
0.15,-0.13,1.17,-6.07,-9.46,6.28,251,173,129,58,5358
0.12,-0.05,1.18,-6.18,-9.47,6.28,155,154,232,187,5368
0.15,-0.10,0.97,-6.24,-9.31,6.32,252,128,40,31,5378
0.17,-0.08,1.00,-6.20,-9.06,6.39,74,45,234,1,5388
0.16,-0.11,0.98,-6.35,-8.92,6.38,214,139,198,157,5398
0.16,-0.11,1.00,-6.45,-8.85,6.37,156,217,182,12,5408
0.09,-0.04,0.94,-6.52,-8.84,6.36,64,87,231,251,5418
0.07,-0.14,0.91,-6.47,-8.90,6.37,214,154,80,171,5428
0.18,-0.13,0.92,-6.45,-9.09,6.36,162,139,88,158,5438
0.15,-0.30,1.48,-6.73,-9.64,6.27,117,231,25,171,5448
0.32,0.12,1.20,-6.91,-10.02,6.17,64,222,247,56,5458
-0.11,-0.07,0.92,-7.23,-9.67,6.19,149,9,116,232,5469
0.61,-0.21,1.33,-6.90,-8.81,6.31,61,121,202,216,5479
0.07,-0.16,0.60,-6.47,-7.56,6.52,211,209,29,134,5490
0.04,-0.25,1.03,-6.87,-7.17,6.51,51,122,222,118,5500
0.08,0.16,0.79,-6.94,-6.91,6.50,215,5,196,194,5511
0.31,-0.18,0.79,-6.74,-6.43,6.61,39,72,126,170,5521
0.21,-0.00,1.10,-6.98,-6.27,6.60,100,70,140,141,5531
0.45,-0.15,1.08,-7.01,-6.42,6.61,36,118,118,228,5542
0.17,-0.03,1.01,-6.76,-6.60,6.65,217,194,189,167,5552
0.17,-0.09,1.07,-6.89,-7.06,6.59,180,120,207,144,5563
0.16,-0.16,1.08,-6.87,-7.40,6.55,249,200,4,11,5573
0.16,-0.12,0.94,-6.80,-7.62,6.54,39,205,185,248,5584
0.18,-0.16,1.01,-6.86,-7.87,6.50,105,35,151,191,5594
0.14,-0.06,0.96,-6.97,-8.42,6.40,106,225,39,188,5605
0.13,-0.11,0.99,-7.21,-9.19,6.25,20,151,92,86,5615
0.14,-0.09,0.99,-7.27,-9.70,6.16,192,236,223,56,5626
0.04,0.03,1.03,-7.19,-9.85,6.14,225,209,178,121,5636
169,168,222,66,5692
94,94,49,156,5694
0.24,-0.07,1.01,-6.85,-9.40,6.18,131,112,29,13,5704
0.22,-0.11,0.86,-6.95,-9.20,6.17,175,79,40,66,5714
0.20,-0.09,0.86,-7.03,-9.22,6.15,67,243,214,64,5724
0.18,-0.06,0.88,-6.95,-9.54,6.14,32,110,23,172,5734
0.20,-0.09,0.92,-6.89,-10.24,6.09,163,181,223,77,5744
0.13,-0.08,0.93,-6.77,-11.20,6.00,50,204,213,108,5754
0.14,-0.13,0.92,-6.63,-12.40,5.88,185,116,248,70,5764
0.28,0.05,1.63,-6.47,-13.68,5.73,118,99,81,78,5774
0.02,-0.09,1.58,-5.87,-14.10,5.69,69,38,118,218,5784
0.34,0.08,1.16,-6.12,-14.04,5.72,248,40,43,42,5794
-0.05,-0.13,0.75,-6.65,-13.85,5.80,74,116,163,199,5804
0.20,-0.06,0.99,-6.70,-13.74,5.89,186,123,80,55,5814
0.13,-0.09,0.90,-6.55,-13.38,5.98,27,155,20,61,5824
0.06,-0.09,1.14,-6.74,-13.52,5.92,139,150,162,253,5834
0.10,0.08,0.90,-6.77,-13.93,5.82,4,125,75,57,5844
0.15,-0.22,0.90,-6.49,-13.93,5.82,161,118,224,69,5854
0.02,-0.19,0.73,-6.35,-14.06,5.83,165,136,120,143,5864
-0.02,-0.05,0.80,-6.41,-14.09,5.83,174,202,182,245,5875
0.12,-0.14,0.92,-6.53,-14.11,5.82,65,97,10,244,5885
0.06,-0.07,0.94,-6.56,-14.10,5.84,30,174,128,15,5895
0.13,-0.14,1.10,-6.63,-14.10,5.85,118,242,173,36,5906
0.13,-0.13,0.98,-6.58,-13.99,5.87,147,176,77,92,5916
0.08,-0.03,0.87,-6.66,-13.94,5.87,248,142,106,38,5927
0.11,-0.20,0.81,-6.86,-14.18,5.81,181,208,59,245,5937
0.22,-0.11,0.97,-6.82,-14.19,5.75,70,214,164,186,5948
0.38,-0.11,0.88,-6.66,-14.08,5.76,227,55,165,108,5958
-0.01,-0.14,1.10,-6.48,-14.11,5.76,243,109,247,194,5969
0.24,-0.14,0.90,-6.56,-14.17,5.75,101,217,228,47,5980
0.13,-0.14,0.97,-6.81,-14.10,5.73,27,245,123,2,5990
0.15,-0.17,1.00,-7.04,-14.29,5.72,184,107,99,166,6001
0.14,0.04,0.94,-7.31,-14.36,5.73,119,89,46,66,6011
0.14,-0.03,0.91,-7.44,-14.31,5.80,156,97,135,183,6021
0.18,-0.01,0.80,-7.29,-14.15,5.82,196,227,10,69,6032
0.17,-0.21,0.88,-6.75,-13.93,5.88,196,154,188,119,6043
-0.04,-0.27,0.84,-6.54,-14.17,5.86,217,146,184,175,6053
0.20,-0.04,0.89,-6.61,-14.18,5.87,214,117,226,31,6064
182,53,134,67,6121
0.13,-0.07,0.94,-7.19,-12.72,6.26,75,115,114,35,6132
-0.06,-0.11,0.83,-6.92,-13.28,6.23,47,107,229,135,6142
-0.02,-0.22,0.67,-6.76,-13.53,6.18,92,113,233,206,6152
0.25,-0.02,0.80,-7.01,-13.46,6.20,89,75,111,82,6162
0.16,-0.16,0.95,-7.22,-13.35,6.25,216,105,74,185,6172
0.06,-0.13,0.96,-7.18,-13.33,6.28,47,200,12,149,6182
0.11,-0.08,0.91,-7.17,-13.37,6.28,105,211,155,56,6192
0.11,-0.01,0.81,-7.27,-13.37,6.26,147,46,248,138,6202
0.12,-0.18,1.06,-7.24,-13.33,6.27,75,147,1,95,6212
0.15,-0.13,1.06,-7.21,-13.30,6.27,59,91,14,19,6222
0.08,-0.14,1.13,-7.35,-13.20,6.25,218,6,192,24,6232
0.18,-0.15,0.93,-7.33,-13.00,6.26,149,153,79,99,6242
0.13,-0.16,1.00,-7.49,-12.83,6.25,243,54,114,87,6252
0.05,-0.01,1.28,-7.84,-13.19,6.16,136,3,163,93,6262
0.28,-0.13,0.89,-8.02,-13.45,6.10,123,160,83,215,6272
0.13,-0.11,0.80,-8.02,-13.15,6.15,67,221,66,242,6282
0.48,-0.23,1.18,-7.63,-12.83,6.19,77,197,149,68,6292
0.21,-0.05,0.62,-7.29,-12.58,6.22,49,138,38,200,6302
0.29,-0.28,0.65,-7.46,-13.00,6.12,128,152,164,6,6312
61,112,209,181,6368
0.13,0.03,0.96,-8.62,-13.50,5.70,191,213,49,59,6378
0.15,-0.07,0.95,-8.44,-13.48,5.69,211,198,167,89,6388
0.08,-0.16,0.96,-8.24,-13.39,5.68,187,94,31,163,6398
0.10,-0.06,0.94,-8.28,-13.37,5.67,52,63,163,20,6408
0.12,-0.16,0.98,-8.44,-13.26,5.70,200,207,137,208,6418
0.22,-0.10,1.00,-8.33,-12.93,5.81,71,238,197,50,6428
0.12,0.01,1.02,-8.46,-12.62,5.87,22,22,153,84,6438
0.20,-0.05,0.82,-8.62,-12.53,5.87,39,110,80,58,6448
0.09,-0.25,0.82,-8.60,-12.39,5.86,44,62,100,145,6458
0.08,-0.08,0.94,-8.52,-12.73,5.81,30,247,67,122,6468
-0.04,0.03,1.05,-8.40,-13.40,5.74,198,196,156,242,6478
0.14,-0.16,1.15,-8.13,-13.66,5.76,166,221,163,131,6488
0.14,-0.15,1.19,-8.51,-13.49,5.73,193,16,247,56,6498
0.27,0.03,0.88,-8.73,-13.27,5.75,18,174,110,14,6508
0.16,-0.07,0.87,-8.78,-12.93,5.82,160,90,32,192,6518
0.19,-0.03,0.79,-8.65,-12.82,5.91,211,85,22,191,6528
-0.12,0.20,1.78,-8.61,-13.30,5.87,212,190,28,42,6538
-0.12,-0.38,1.35,-8.24,-13.84,5.83,53,36,109,217,6548
0.19,-0.10,1.10,-8.09,-14.00,5.81,248,68,202,149,6559
0.31,-0.22,0.88,-8.41,-13.87,5.82,206,69,184,19,6569
0.12,-0.09,0.94,-8.57,-13.78,5.84,85,110,247,66,6579
0.07,-0.26,1.10,-8.56,-13.78,5.83,63,184,242,43,6590
0.19,-0.09,1.11,-8.53,-13.85,5.79,24,30,218,11,6600
0.00,-0.23,1.06,-8.77,-13.93,5.77,50,92,201,135,6611
0.07,-0.05,1.12,-9.19,-14.04,5.72,2,17,63,85,6621
0.22,-0.10,1.10,-9.71,-14.13,5.65,1,164,61,61,6631
0.04,0.02,0.82,-10.06,-13.78,5.67,79,21,114,214,6642
0.21,0.06,0.64,-9.68,-12.66,5.79,57,155,12,125,6652
0.02,0.12,0.62,-8.91,-11.14,6.09,60,240,150,124,6663
0.28,0.07,1.44,-8.96,-11.36,6.11,8,163,16,54,6673
-0.06,-0.11,0.49,-9.41,-12.43,5.98,60,105,253,98,6683
-0.01,0.04,1.26,-9.57,-13.77,5.83,247,62,211,117,6694
0.20,-0.12,0.70,-9.46,-14.50,5.79,117,46,97,162,6704
-0.16,-0.27,0.87,-9.11,-13.86,5.89,103,83,176,106,6715
0.08,-0.13,0.85,-8.50,-13.55,6.04,168,210,87,111,6725
0.15,-0.03,1.06,-8.66,-13.56,6.08,84,133,132,27,6736
0.31,-0.17,0.73,-8.94,-13.83,6.03,35,86,211,147,6746
169,189,237,42,6802
0.14,-0.10,0.97,-8.74,-13.98,5.91,43,187,75,200,6812
0.16,-0.15,0.87,-8.78,-13.66,5.94,208,188,198,11,6822
0.16,-0.16,1.03,-9.01,-13.59,5.91,5,186,8,214,6832
0.15,-0.05,0.90,-9.48,-14.44,5.75,241,38,202,73,6842
0.22,-0.02,1.01,-10.25,-15.89,5.54,82,229,215,17,6852
0.13,0.13,1.00,-10.09,-16.15,5.52,110,62,207,72,6862
0.03,-0.24,0.85,-9.27,-15.41,5.69,129,153,250,195,6872
0.08,0.27,0.88,-8.73,-15.48,5.79,118,239,140,122,6882
0.54,-0.18,1.33,-8.60,-16.43,5.67,235,17,81,140,6892
0.15,-0.25,1.78,-8.26,-16.99,5.62,32,118,40,44,6902
0.03,-0.53,1.30,-7.86,-17.30,5.61,118,93,99,130,6912
0.35,0.08,1.25,-8.14,-17.18,5.62,50,63,128,146,6922
0.04,-0.09,0.83,-8.59,-16.82,5.65,107,230,199,222,6932
0.11,-0.15,0.85,-8.38,-16.50,5.67,52,52,221,76,6942
0.21,-0.07,1.13,-8.40,-16.63,5.67,77,24,47,76,6952
0.04,-0.17,1.19,-8.53,-17.07,5.57,84,204,118,18,6962
0.12,-0.22,1.60,-8.38,-17.15,5.52,225,72,243,53,6972
0.38,-0.21,1.29,-8.41,-17.11,5.52,226,7,211,141,6982
0.04,-0.03,0.78,-8.47,-16.94,5.54,177,176,70,126,6993
0.14,0.00,0.92,-8.32,-16.76,5.63,122,12,147,178,7003
0.21,-0.07,0.96,-8.39,-16.74,5.64,125,50,54,120,7014
0.18,-0.25,0.86,-8.52,-16.96,5.59,213,145,125,51,7024
0.08,-0.06,0.75,-8.25,-17.01,5.58,245,125,103,153,7035
0.23,-0.18,0.67,-8.31,-17.04,5.57,98,114,60,57,7045
0.08,-0.16,0.70,-8.49,-16.91,5.56,125,193,24,40,7056
0.03,-0.11,0.86,-8.46,-16.92,5.58,66,188,144,114,7066
0.17,-0.22,1.06,-8.41,-17.00,5.58,113,101,168,92,7077
0.08,-0.17,1.04,-8.57,-17.02,5.58,152,154,229,204,7087
0.14,0.05,0.77,-8.86,-17.27,5.56,171,222,88,248,7098
0.07,-0.06,0.83,-9.01,-17.31,5.58,159,100,199,43,7108
0.17,-0.05,0.87,-8.81,-17.18,5.60,148,105,210,61,7119
0.07,-0.30,0.84,-8.35,-17.12,5.56,86,252,122,206,7130
0.26,-0.16,0.99,-8.10,-17.25,5.52,153,155,202,238,7140
0.13,0.07,0.91,-8.37,-17.10,5.53,213,162,178,118,7151
0.18,-0.15,1.00,-8.63,-16.94,5.60,11,188,78,52,7161
0.12,-0.14,1.00,-8.40,-16.74,5.69,220,37,165,138,7172
101,32,139,194,7230
0.18,0.01,0.99,-8.94,-15.02,5.85,14,112,198,73,7240
0.09,-0.02,0.97,-8.79,-14.90,5.85,66,177,193,238,7250
0.20,-0.38,1.42,-8.50,-14.77,5.84,111,110,202,137,7260
0.01,-0.32,1.27,-8.13,-14.73,5.81,219,254,85,54,7270
0.17,-0.09,1.08,-8.27,-14.70,5.85,108,228,130,65,7280
0.07,-0.18,0.87,-8.80,-14.69,5.90,117,95,43,98,7290
0.23,-0.05,0.83,-9.27,-15.06,5.87,177,73,27,115,7300
0.04,0.04,1.08,-9.73,-15.09,5.90,198,92,230,140,7310
0.12,0.03,1.09,-9.80,-14.79,5.93,17,47,57,167,7320
0.04,-0.11,0.96,-9.45,-13.68,6.04,23,157,235,11,7330
0.19,0.10,0.89,-8.84,-12.28,6.19,123,155,200,107,7340
0.20,0.10,1.34,-8.97,-11.82,6.19,238,32,124,98,7350
0.08,-0.07,0.49,-9.45,-12.09,6.12,19,71,220,187,7360
0.15,-0.08,1.03,-9.72,-12.61,6.00,36,110,24,165,7370
0.33,0.16,0.93,-9.83,-13.28,5.93,27,106,187,49,7380
0.06,-0.17,0.91,-9.69,-13.79,5.91,51,11,204,1,7390
0.12,-0.04,0.81,-9.21,-14.11,5.97,78,16,17,253,7400
0.05,-0.14,0.87,-8.48,-14.34,6.05,100,150,116,177,7410
0.04,-0.33,0.47,-8.23,-14.97,6.00,229,17,222,190,7420
122,83,242,58,7475
0.12,-0.12,1.01,-8.83,-14.85,6.01,215,231,236,42,7486
0.13,-0.06,0.98,-8.81,-14.85,6.01,223,22,16,44,7496
0.11,-0.07,1.17,-8.91,-14.82,5.99,123,254,36,224,7506
0.11,-0.13,0.97,-8.99,-14.66,6.00,176,119,219,54,7516
0.17,-0.06,0.89,-8.96,-14.33,6.03,178,158,64,156,7526
0.20,-0.14,1.05,-9.03,-14.13,6.04,69,195,52,236,7536
0.18,-0.17,1.12,-9.18,-14.10,6.01,62,252,181,37,7546
0.11,-0.14,1.00,-9.47,-14.40,5.97,232,17,124,20,7556
0.21,-0.10,1.04,-9.93,-15.04,5.85,235,113,33,130,7566
0.07,0.08,0.96,-10.10,-15.10,5.86,148,250,222,183,7576
0.18,-0.03,0.92,-9.88,-14.61,5.97,247,250,176,152,7587
0.21,-0.60,1.24,-9.41,-13.86,6.09,72,188,120,177,7597
0.06,-0.07,0.75,-9.09,-13.61,6.09,107,193,225,36,7607
0.33,-0.21,2.00,-9.64,-14.48,5.91,223,4,201,92,7617
0.41,-0.11,1.23,-9.99,-15.26,5.70,12,100,215,221,7627
-0.10,-0.19,0.69,-10.37,-14.58,5.79,153,243,176,70,7637
0.37,0.19,0.90,-10.19,-14.38,5.87,196,49,93,149,7647
-0.14,-0.17,0.88,-9.85,-13.23,6.08,238,146,48,42,7657
-0.08,-0.34,0.43,-8.91,-12.41,6.31,154,158,147,14,7668
0.12,0.02,1.32,-9.27,-12.55,6.29,152,193,65,126,7678
0.25,0.08,0.89,-9.73,-13.21,6.20,84,219,24,115,7688
0.08,-0.36,1.33,-10.17,-13.59,6.08,94,15,89,106,7699
0.21,0.02,1.10,-10.49,-13.89,5.95,211,102,160,87,7709
0.18,-0.05,1.15,-10.66,-13.67,5.95,148,112,246,79,7720
0.11,-0.20,0.78,-10.55,-13.05,6.04,87,195,234,188,7731
0.23,-0.13,1.03,-10.51,-12.56,6.13,139,226,39,223,7741
0.32,-0.03,0.94,-10.73,-12.75,6.09,206,215,160,109,7752
0.16,0.04,0.89,-10.91,-12.90,6.05,134,143,50,108,7763
0.25,-0.03,0.86,-10.51,-12.76,6.05,32,163,183,78,7773
0.37,-0.50,1.62,-9.72,-12.04,6.22,40,128,250,214,7784
0.03,-0.13,0.65,-9.00,-12.13,6.28,138,211,66,232,7794
-0.04,-0.32,0.62,-9.71,-13.27,6.21,86,193,18,119,7805
-0.20,0.27,0.81,-10.07,-15.24,5.91,170,158,192,78,7815
0.21,-0.17,1.67,-10.02,-14.92,5.85,138,76,178,111,7826
0.46,-0.29,0.89,-9.41,-13.97,6.00,170,66,149,212,7837
0.23,-0.04,0.69,-8.98,-13.33,6.07,54,55,201,74,7847
55,28,117,125,7902
118,24,186,68,7905
0.11,-0.05,0.97,-9.05,-15.18,6.01,215,138,23,78,7915
0.12,-0.12,0.95,-9.10,-15.15,6.01,142,144,190,100,7925
0.16,-0.09,1.04,-9.08,-15.15,6.01,236,96,230,247,7935
0.11,-0.10,1.00,-9.08,-15.16,6.01,96,101,23,133,7945
0.15,-0.11,1.00,-9.11,-15.19,6.00,143,16,23,152,7955
0.08,-0.07,1.01,-9.11,-15.20,6.00,217,25,69,177,7966
0.11,-0.07,1.03,-9.14,-15.23,6.00,193,71,116,251,7976
0.15,-0.06,0.95,-9.17,-15.13,6.03,225,225,88,145,7986
0.17,-0.07,0.97,-9.24,-15.01,6.06,56,252,161,24,7996
0.12,-0.08,0.93,-9.39,-15.07,6.05,40,127,252,98,8006
0.25,-0.09,1.07,-9.34,-15.19,6.02,89,248,212,125,8016
0.12,-0.13,0.98,-9.21,-15.14,6.03,139,37,43,101,8026
0.09,-0.15,0.89,-9.21,-15.16,6.03,219,186,82,37,8036
0.15,-0.06,0.95,-9.24,-15.12,6.02,78,165,70,95,8046
0.14,-0.10,1.08,-9.23,-15.09,6.03,92,240,208,216,8056
0.19,-0.15,1.08,-9.34,-15.17,6.01,209,77,189,37,8066
0.10,-0.11,1.00,-9.52,-15.30,5.96,245,78,92,243,8076
0.13,-0.14,1.11,-9.71,-15.21,5.95,69,140,87,219,8086
0.18,-0.06,0.90,-9.90,-15.00,5.95,24,72,12,136,8096
0.08,-0.22,0.89,-10.18,-14.73,5.95,212,124,220,13,8107
0.19,0.04,0.80,-10.30,-14.70,5.93,128,111,170,244,8118
0.16,-0.06,0.87,-10.45,-14.89,5.89,146,46,4,69,8128
0.08,0.03,1.29,-10.45,-15.31,5.80,178,203,130,119,8139
0.29,-0.06,1.20,-10.24,-15.53,5.76,7,3,172,65,8149
0.02,-0.10,0.72,-10.00,-15.11,5.81,39,230,145,254,8160
0.14,-0.82,1.20,-9.47,-14.86,5.91,47,99,86,11,8170
-0.25,-0.19,1.53,-8.97,-14.86,5.98,120,13,75,182,8180
0.39,-0.23,1.43,-8.86,-15.11,6.03,210,160,93,2,8191
0.25,0.04,0.99,-9.07,-14.87,6.02,244,125,224,176,8201
0.23,-0.15,0.91,-9.29,-14.70,6.03,103,10,230,145,8212
0.16,-0.19,1.04,-9.26,-14.56,6.06,168,134,216,217,8223
0.16,-0.15,1.13,-9.49,-14.82,6.02,235,193,126,72,8233
0.09,0.13,0.69,-9.89,-15.41,5.88,157,74,132,162,8244
-0.05,-0.09,0.87,-10.06,-15.13,5.86,151,8,72,218,8254
0.14,-0.16,0.94,-9.55,-14.32,5.98,102,237,198,124,8265
0.29,-0.29,0.88,-9.09,-13.60,6.06,75,54,13,55,8275
0.21,-0.27,1.13,-9.73,37.50,15.47,-1,-1,-1,-1,8285

Behave Select, format x,yyy,zzz
x: 0=roll, 1=pitch, 2=hop, 3=hop then spaz  yyy: PWM val  zzz: millis
0,0,0,0,54
0.12,-0.12,0.98,-1.65,-2.73,0.79,0,0,0,0,63
0.13,-0.10,1.00,-1.64,-2.73,0.79,0,0,0,0,73
0.13,-0.12,0.99,-1.65,-2.73,0.79,0,0,0,0,82
0.13,-0.11,1.00,-1.65,-2.73,0.79,0,0,0,0,91
0.12,-0.11,0.99,-1.64,-2.73,0.79,0,0,0,0,100
0.13,-0.11,1.00,-0.00,0.00,-0.00,150,150,150,150,9
0.12,-0.11,1.00,-0.00,0.00,-0.00,150,150,150,150,19
0.12,-0.11,1.01,-0.00,0.00,-0.00,150,150,150,150,29
0.13,-0.11,1.00,-0.00,0.00,-0.00,150,150,150,150,39
0.12,-0.11,0.97,-0.00,0.00,-0.00,150,150,150,150,49
0.12,-0.10,1.01,0.00,0.00,-0.00,150,150,150,150,59
0.08,-0.12,1.01,-0.01,-0.00,-0.01,150,150,150,150,69
0.08,-0.15,0.95,-0.06,-0.00,-0.02,150,150,150,150,79
0.12,-0.11,0.97,-0.11,0.02,-0.04,150,150,150,150,89
0.13,-0.14,1.02,-0.11,0.03,-0.03,150,150,150,150,99
0.11,-0.07,0.98,-0.08,0.04,-0.03,150,150,150,150,109
0.11,-0.12,0.96,-0.11,0.04,-0.04,150,150,150,150,119
0.14,-0.10,1.01,-0.10,0.05,-0.03,150,150,150,150,129
0.12,-0.07,0.99,-0.08,0.05,-0.03,150,150,150,150,139
0.13,-0.15,0.96,-0.10,0.05,-0.03,150,150,150,150,149
0.16,-0.10,1.03,-0.10,0.06,-0.03,150,150,150,150,160
0.12,-0.07,1.01,-0.07,0.08,-0.03,150,150,150,150,170
0.15,-0.17,0.99,-0.10,0.07,-0.03,150,150,150,150,181
0.12,-0.11,1.01,-0.10,0.11,-0.04,150,150,150,150,191
0.10,-0.08,0.99,-0.08,0.11,-0.03,150,150,150,150,202
0.13,-0.15,0.98,-0.08,0.10,-0.03,150,150,150,150,212
0.15,-0.08,0.97,-0.08,0.11,-0.04,150,150,150,150,223
0.11,-0.06,1.00,-0.08,0.12,-0.03,150,150,150,150,233
0.15,-0.15,1.00,-0.08,0.11,-0.03,150,150,150,150,244
0.15,-0.06,0.96,-0.07,0.13,-0.04,150,150,150,150,254
0.11,-0.09,1.00,-0.07,0.14,-0.03,150,150,150,150,265
0.13,-0.13,0.99,-0.08,0.14,-0.04,150,150,150,150,275
0.14,-0.07,0.99,-0.07,0.15,-0.04,150,150,150,150,285
0.12,-0.09,1.01,-0.07,0.15,-0.03,150,150,150,150,296
0.12,-0.15,1.01,-0.07,0.15,-0.04,150,150,150,150,306
0.15,-0.07,0.97,-0.06,0.16,-0.04,150,150,150,150,317
0.11,-0.11,0.99,-0.07,0.17,-0.03,150,150,150,150,327
0.12,-0.16,1.03,-0.06,0.16,-0.04,150,150,150,150,338
150,150,150,150,393
0.11,-0.08,1.01,0.03,0.31,-0.04,150,150,150,150,403
0.13,-0.13,1.02,0.02,0.30,-0.04,150,150,150,150,413
0.15,-0.08,0.97,0.02,0.31,-0.04,150,150,150,150,423
0.10,-0.10,1.01,0.03,0.32,-0.04,150,150,150,150,433
0.13,-0.15,1.02,0.02,0.30,-0.04,150,150,150,150,443
0.15,-0.06,0.97,0.03,0.31,-0.04,150,150,150,150,452
0.10,-0.09,1.02,0.03,0.32,-0.04,150,150,150,150,462
0.13,-0.15,1.00,0.02,0.31,-0.04,150,150,150,150,472
0.13,-0.06,0.96,0.04,0.32,-0.04,150,150,150,150,482
0.14,-0.11,1.00,0.03,0.32,-0.04,150,150,150,150,492
0.12,-0.13,1.04,0.03,0.33,-0.05,150,150,150,150,502
0.13,-0.06,0.96,0.04,0.33,-0.05,67,220,32,45,9
0.11,-0.13,1.02,0.03,0.33,-0.05,9,133,84,27,19
0.12,-0.12,1.03,0.03,0.33,-0.05,25,111,141,203,28
0.13,-0.06,0.96,0.04,0.33,-0.05,220,153,145,102,38
0.13,-0.14,1.00,0.04,0.33,-0.05,35,172,228,148,48
0.12,-0.13,1.02,0.04,0.34,-0.05,20,26,62,226,58
0.12,-0.05,0.95,0.05,0.34,-0.05,242,13,98,45,68
0.12,-0.13,1.01,0.05,0.33,-0.05,244,76,97,94,77
0.14,-0.12,1.00,0.05,0.34,-0.05,240,170,143,24,87
0.13,-0.05,0.99,0.05,0.35,-0.05,235,85,178,29,97
0.13,-0.17,1.01,0.05,0.34,-0.05,76,103,143,44,108
0.14,-0.09,1.03,0.05,0.36,-0.05,51,220,4,66,118
0.12,-0.10,1.00,0.05,0.37,-0.05,68,186,179,75,128
0.12,-0.13,0.98,0.06,0.37,-0.05,226,15,203,92,138
0.16,-0.05,0.92,0.03,0.38,-0.05,9,195,217,137,149
0.15,-0.11,1.01,0.06,0.39,-0.04,156,229,196,25,159
0.11,-0.15,1.00,0.14,0.38,-0.04,8,193,118,45,169
0.15,-0.09,0.96,0.09,0.39,-0.04,231,21,95,205,179
0.11,-0.04,0.87,0.02,0.36,-0.05,163,84,155,91,190
0.11,-0.15,1.00,0.05,0.42,-0.04,47,9,116,83,200
0.08,-0.16,1.09,0.12,0.42,-0.03,227,170,86,245,210
0.13,-0.07,1.05,0.12,0.40,-0.03,119,148,101,94,221
0.09,-0.02,1.08,0.07,0.37,-0.01,118,165,254,226,231
0.16,-0.09,1.01,0.08,0.30,-0.02,158,40,172,114,241
0.35,-0.10,1.05,0.07,0.33,-0.02,176,228,172,41,252
0.04,-0.09,0.93,0.13,0.46,-0.01,98,210,55,210,262
0.10,-0.10,1.03,0.24,0.42,0.01,222,111,185,211,272
24,144,209,221,328
16,1,78,46,330
0.24,0.05,0.88,-0.64,-0.29,-0.20,36,122,178,45,340
0.00,0.07,0.69,-0.95,-0.38,-0.17,176,212,242,62,350
0.13,-0.06,0.90,-0.95,-0.27,-0.12,236,222,210,91,360
0.01,-0.09,0.96,-0.47,-0.08,-0.05,95,20,160,141,370
0.41,-0.84,1.61,0.24,0.43,0.10,61,235,121,104,380
-0.24,-0.43,1.41,1.02,0.60,0.17,163,241,68,221,389
0.28,-0.03,1.39,1.02,0.53,0.20,209,50,26,122,399
-0.10,-0.21,0.93,0.46,0.88,0.18,133,19,44,31,409
0.16,-0.30,1.00,0.56,1.68,0.28,41,243,136,212,419
0.15,-0.04,0.65,0.50,2.37,0.39,24,83,244,182,428
0.15,-0.21,0.82,0.25,2.46,0.37,108,158,162,59,438
0.20,-0.13,1.05,0.12,2.16,0.30,45,206,87,79,448
0.12,-0.20,0.98,-0.15,1.36,0.13,79,226,55,34,457
0.16,0.09,1.14,-0.69,0.27,-0.11,28,183,146,230,467
-0.04,-0.16,0.56,-1.01,-0.35,-0.22,84,236,127,210,477
0.16,0.25,1.22,-0.60,0.60,-0.04,86,137,199,26,487
0.42,-1.03,1.46,0.34,2.14,0.34,232,71,63,198,497
0.30,-0.02,0.50,1.08,2.68,0.51,166,41,162,112,507
0.20,-0.35,0.96,0.38,1.76,0.24,198,121,210,176,517
-0.15,-0.22,0.08,0.26,0.19,-0.09,143,47,75,29,527
0.03,-0.27,1.04,0.08,0.49,-0.12,74,198,207,180,537
0.15,0.30,0.74,0.09,0.42,-0.11,64,102,43,121,547
0.06,-0.36,0.90,-0.01,0.37,-0.12,96,197,49,17,557
0.07,-0.05,0.60,0.43,0.85,0.02,48,124,173,80,568
0.12,-0.28,1.38,0.96,1.18,0.14,100,229,180,215,578
0.17,-0.45,1.29,1.45,1.03,0.12,215,156,98,95,588
-0.02,0.03,0.92,1.48,1.08,0.11,200,179,244,162,598
0.26,-0.31,0.86,1.09,1.14,0.11,136,7,136,9,608
-0.08,-0.01,1.32,0.85,0.90,0.16,87,28,123,66,618
0.45,-0.08,1.30,0.51,0.47,0.11,52,88,215,185,629
0.22,-0.11,0.91,-0.09,0.25,0.03,238,225,63,162,639
0.00,0.01,0.93,-0.65,0.12,-0.07,18,47,241,165,649
0.15,0.20,0.72,-0.56,0.61,-0.09,196,174,100,215,660
0.26,-0.15,0.97,0.07,2.11,0.06,203,83,148,252,670
-0.01,-0.17,0.98,1.04,3.37,0.35,64,97,232,41,680
0.09,0.04,1.47,1.05,3.21,0.36,86,86,127,42,690
0.38,0.12,0.74,0.82,2.67,0.46,138,71,219,209,700
0.12,-0.27,1.03,0.83,2.48,0.71,6,222,142,85,710
54,158,149,229,769
0.14,-0.07,0.98,0.70,1.53,0.42,53,42,197,23,778
0.04,-0.02,0.98,0.70,1.55,0.44,117,2,138,57,788
0.16,0.10,0.96,0.87,1.69,0.46,200,224,156,228,798
0.13,-0.09,0.83,1.34,2.09,0.56,69,53,115,55,807
0.19,-0.09,1.44,2.25,2.56,0.79,186,131,110,186,817
-0.37,-0.25,1.33,2.79,2.37,0.84,132,22,160,28,827
0.16,-0.18,1.22,2.39,2.41,0.83,21,107,254,138,837
0.07,-0.06,0.83,1.79,2.55,0.85,126,130,147,18,846
0.22,0.07,0.95,1.40,2.94,0.86,245,125,26,251,856
0.22,0.17,1.12,1.22,3.50,0.96,76,147,192,211,866
0.15,-0.13,0.94,1.36,4.09,1.03,170,18,95,237,876
0.08,-0.40,0.87,1.66,4.80,1.08,161,158,216,58,885
0.20,0.00,0.97,1.93,4.95,1.11,61,28,190,139,895
0.18,0.02,0.82,1.80,4.58,1.09,93,238,236,206,905
0.15,-0.10,0.79,1.93,3.97,1.09,52,164,106,9,914
0.11,-0.10,0.93,2.12,3.02,1.02,152,213,14,226,924
0.01,-0.42,0.71,2.73,2.33,1.01,12,111,59,101,934
0.54,-0.15,1.27,2.83,2.31,1.01,220,141,235,12,944
-0.08,-0.01,1.07,2.23,2.62,1.00,30,136,228,224,953
0.34,-0.02,1.06,1.83,2.57,0.99,145,237,47,230,963
109,31,27,159,1018
136,152,209,59,1021
66,67,92,228,1023
0.08,0.04,0.99,2.08,1.84,1.13,160,247,25,180,1033
0.05,-0.21,1.08,2.22,1.84,1.13,83,176,196,231,1043
0.15,-0.22,1.11,2.34,1.89,1.14,73,85,13,236,1053
0.08,-0.23,1.11,2.13,1.85,1.13,218,54,118,222,1063
0.14,-0.15,1.03,1.68,1.49,1.05,53,16,103,158,1073
0.10,0.03,1.03,1.05,0.98,0.91,75,160,124,64,1082
0.00,0.02,0.80,0.41,0.54,0.83,39,34,249,9,1092
0.11,0.18,0.91,0.09,0.17,0.74,140,233,244,203,1102
0.06,0.13,0.89,0.01,0.20,0.71,68,192,100,235,1111
0.09,-0.03,0.76,0.24,0.99,0.79,187,248,78,83,1121
0.29,-0.13,0.72,0.90,2.29,0.93,89,39,73,208,1131
0.65,-0.41,1.50,1.57,3.14,1.10,44,114,37,242,1141
0.21,-0.11,0.57,2.06,3.33,1.21,54,223,39,105,1150
0.19,0.22,1.24,2.07,2.63,1.22,158,115,90,190,1160
0.09,-0.96,1.76,2.53,2.08,1.28,121,13,4,154,1170
0.03,-0.43,1.18,2.97,1.97,1.26,215,6,78,78,1180
0.27,0.07,1.27,2.56,2.18,1.26,133,246,65,120,1189
0.08,-0.16,1.05,1.85,2.17,1.20,59,183,138,171,1199
0.41,-0.20,1.13,1.07,1.81,0.98,184,94,140,113,1209
-0.02,0.04,0.78,0.15,1.17,0.71,135,242,94,31,1219
0.22,0.10,1.04,-0.37,0.63,0.51,235,2,6,145,1229
0.10,-0.07,0.74,-0.55,1.34,0.58,245,153,101,24,1239
0.19,0.11,0.83,-0.19,2.78,0.85,129,201,88,46,1250
0.25,-0.06,0.97,0.23,4.05,1.08,212,242,112,183,1260
0.26,-0.27,0.85,0.69,4.14,1.09,158,91,4,198,1270
0.19,-0.05,1.00,0.52,2.86,0.87,157,186,70,61,1280
-0.25,0.07,0.00,0.59,1.34,0.73,175,147,218,149,1291
0.19,-0.26,1.49,1.40,1.88,0.93,89,83,76,43,1301
0.21,0.02,1.08,2.40,2.57,1.37,97,52,189,70,1311
-0.47,0.00,1.32,2.58,2.32,1.51,54,200,42,219,1321
0.15,-0.14,1.18,2.48,2.06,1.56,222,186,62,78,1331
0.15,-0.01,1.03,2.37,2.07,1.52,249,201,150,83,1341
0.14,-0.25,0.87,2.45,2.06,1.45,251,157,3,18,1351
0.08,0.01,1.20,2.50,2.00,1.39,160,240,113,84,1362
0.06,-0.04,1.07,2.38,1.94,1.38,133,225,147,232,1372
0.06,-0.06,0.94,2.16,1.81,1.33,37,242,8,243,1382
0.16,-0.18,1.08,1.97,1.49,1.23,242,84,177,77,1392
0.07,0.00,0.97,1.78,1.53,1.20,202,162,45,89,1403
-1.75,-1.75,0.06,1.79,1.34,2.31,108,20,33,176,1413
190,249,69,138,1468
233,76,92,189,1470
157,72,246,140,1473
0.15,-0.16,0.93,0.60,10.63,2.88,129,137,86,231,1483
0.20,-0.03,0.88,0.47,11.02,2.92,167,252,89,37,1492
0.17,-0.07,0.91,0.33,11.55,2.84,21,163,50,95,1502
0.27,-0.18,0.98,-0.04,11.65,2.56,106,201,208,213,1512
0.37,-0.14,1.11,-0.57,11.27,2.15,114,137,91,153,1522
0.20,-0.05,0.92,-1.01,11.12,1.95,166,89,71,126,1532
0.28,0.14,0.87,-0.80,11.61,2.06,168,2,188,240,1542
0.21,-0.06,1.16,-0.60,11.87,2.26,62,153,202,108,1552
0.17,-0.15,0.88,-0.41,11.58,2.36,120,189,240,195,1563
0.11,-0.23,1.03,-0.47,10.76,2.27,3,99,95,11,1572
0.09,0.03,0.94,-0.78,9.50,2.07,170,25,181,15,1582
0.29,-0.09,1.22,-0.73,8.70,1.95,46,196,84,83,1592
0.27,0.02,0.84,-0.13,8.68,2.03,5,189,64,71,1601
0.86,-0.58,1.74,0.67,8.90,2.31,71,72,15,53,1611
0.13,-0.13,0.50,1.44,8.87,2.51,243,206,131,82,1621
0.06,-0.40,0.98,1.38,7.82,2.45,128,46,80,194,1631
-0.10,0.16,1.20,1.43,6.47,2.29,196,178,171,18,1641
0.16,-0.27,1.83,1.87,6.37,2.27,253,128,160,66,1650
0.38,-0.21,1.76,1.93,6.26,2.24,232,64,102,79,1660
0.06,-0.11,0.94,1.62,6.28,2.25,186,85,55,233,1670
0.11,-0.08,0.58,1.35,6.14,2.24,241,164,91,77,1681
-0.03,-0.02,0.68,1.37,6.14,2.31,187,232,128,86,1691
0.31,-0.06,0.99,1.77,6.24,2.37,173,239,15,118,1701
-0.03,-0.26,1.05,2.12,6.15,2.38,173,249,140,217,1712
0.19,-0.12,1.00,2.09,6.10,2.37,175,81,113,107,1722
0.11,-0.10,0.99,1.68,6.19,2.37,193,230,80,240,1732
0.12,0.14,1.05,1.51,6.21,2.39,185,36,37,84,1742
0.14,-0.15,1.01,1.49,6.02,2.36,154,112,209,206,1753
0.21,-0.23,1.12,1.69,6.09,2.37,63,236,37,48,1763
0.03,-0.15,1.15,1.91,6.06,2.40,61,241,96,16,1773
0.14,-0.10,1.25,1.75,6.04,2.34,213,228,141,46,1783
0.17,-0.16,1.03,1.57,6.31,2.31,181,252,248,128,1794
0.25,-0.18,0.90,1.60,6.82,2.35,118,167,4,230,1804
0.15,-0.07,0.83,1.39,6.97,2.33,52,24,128,166,1814
0.10,0.01,0.98,1.29,6.92,2.35,215,62,239,43,1824
0.27,-0.14,0.95,1.53,7.13,2.48,230,192,70,29,1835
0.06,-0.12,1.16,1.59,7.16,2.51,201,158,108,13,1845
0.12,-0.13,1.04,1.47,7.06,2.45,150,29,204,203,1855
38,9,234,110,1910
0.10,-0.15,1.19,1.72,5.61,2.93,117,193,99,219,1920
0.24,-0.12,1.00,1.74,5.57,2.90,72,209,42,152,1930
0.15,-0.17,1.14,1.58,5.66,2.88,158,34,183,76,1940
0.08,-0.14,1.02,1.30,5.50,2.83,132,27,100,145,1950
0.12,-0.14,1.02,0.92,5.21,2.73,13,84,198,233,1960
0.21,-0.01,1.00,0.40,4.94,2.65,221,140,212,44,1969
0.10,0.12,1.04,0.16,5.10,2.60,16,142,124,174,1979
0.09,0.00,0.90,0.57,5.84,2.67,1,3,251,115,1989
-0.03,-0.17,0.97,1.21,6.90,2.84,98,201,49,198,1999
0.42,0.01,1.30,1.45,6.86,2.83,249,150,245,37,2008
0.00,-0.35,0.63,0.95,6.10,2.63,52,226,14,232,2018
0.01,-0.02,-0.22,0.79,4.89,2.36,64,227,65,254,2028
0.00,-0.35,0.94,0.69,5.53,2.42,168,168,238,64,2038
0.44,-0.81,1.40,1.53,6.77,2.80,20,173,155,52,2048
0.42,-0.17,1.19,1.75,7.23,2.95,80,157,133,54,2057
-0.05,-0.29,0.37,1.03,6.50,2.75,59,108,218,197,2067
-0.03,0.10,1.12,0.70,5.29,2.52,196,143,117,2,2077
0.10,-0.04,1.10,0.83,5.38,2.52,219,196,137,245,2087
0.36,-0.23,1.26,0.97,5.51,2.55,64,225,174,47,2097
0.01,0.04,0.88,1.08,5.54,2.53,61,210,25,28,2106
0.65,-0.32,1.54,1.41,6.19,2.75,55,186,25,183,2117
0.01,-0.18,0.41,2.13,7.33,3.11,242,28,200,183,2127
-0.05,-0.33,1.36,1.36,7.16,3.01,170,122,59,48,2137
0.04,-0.02,1.05,0.35,5.46,2.62,235,147,47,135,2148
-0.13,-0.21,0.72,-0.75,3.91,2.26,110,194,238,39,2158
0.29,0.02,1.16,-1.30,3.69,2.11,188,191,156,190,2168
-0.05,0.13,0.56,-1.52,4.59,2.15,182,9,138,110,2179
0.23,0.06,0.82,-1.18,6.86,2.47,234,208,17,215,2189
0.38,0.15,1.00,-0.19,10.09,3.02,222,50,27,203,2199
0.35,-0.58,0.86,1.20,11.97,3.58,68,171,168,109,2210
0.46,0.18,1.78,1.02,11.59,3.49,137,69,191,78,2220
0.29,-0.37,0.58,0.55,9.99,3.13,181,154,152,184,2230
0.04,-0.09,1.32,0.22,8.39,2.80,69,215,37,32,2240
-0.02,0.23,0.72,0.14,6.72,2.73,40,195,91,30,2250
0.36,-0.01,0.96,0.90,6.62,3.03,71,75,75,106,2260
-0.28,-0.40,0.75,2.20,7.11,3.62,133,187,98,142,2271
0.16,0.09,1.76,2.14,6.34,3.57,76,65,106,226,2281
-0.01,0.04,0.44,1.53,5.36,3.35,81,99,68,115,2291
-0.62,0.88,0.06,1.12,5.25,2.31,56,253,153,233,2301
176,205,22,180,2357
36,90,113,118,2359
0.18,0.02,0.80,1.29,5.08,3.36,110,184,204,142,2369
0.27,0.01,0.89,1.25,5.36,3.39,80,196,227,196,2379
0.29,-0.12,0.97,1.50,5.49,3.42,176,95,92,103,2389
0.20,-0.18,0.87,1.83,5.15,3.43,166,96,111,60,2398
0.17,-0.19,0.93,1.88,4.19,3.35,61,14,200,75,2408
0.12,0.09,0.94,1.86,2.89,3.27,154,128,248,127,2418
0.33,0.11,1.11,2.20,2.26,3.34,7,113,180,244,2428
0.08,-0.06,0.90,3.08,2.38,3.62,254,167,105,138,2438
0.21,-0.28,0.53,4.03,2.38,3.89,127,171,137,22,2447
0.14,0.12,1.15,3.97,1.48,3.80,40,17,90,87,2457
0.26,0.19,1.07,3.87,0.16,3.66,151,122,220,115,2467
0.05,-0.46,1.28,4.20,-0.65,3.61,160,110,30,254,2477
-0.53,0.08,1.14,4.80,-1.38,3.58,142,156,200,30,2487
0.26,0.00,1.14,4.86,-1.75,3.55,226,169,55,27,2496
0.04,-0.20,1.01,4.19,-1.62,3.46,131,169,224,102,2507
0.07,0.31,0.83,3.55,-2.18,3.34,242,55,51,99,2516
-0.00,0.01,1.10,2.89,-2.10,3.32,199,167,137,57,2526
0.23,0.03,0.92,2.88,-1.40,3.36,106,167,151,29,2536
-0.15,-0.08,0.91,3.15,-0.04,3.45,13,183,139,40,2546
0.23,0.09,0.89,3.78,1.16,3.60,89,101,92,208,2556
0.28,0.09,1.28,3.77,1.19,3.55,34,159,123,190,2566
-0.16,-0.13,0.62,3.47,0.46,3.42,18,10,179,96,2576
0.17,-0.41,1.26,3.80,0.03,3.39,241,239,187,84,2586
0.09,-0.02,0.72,4.19,-0.11,3.52,166,181,145,117,2597
0.03,-0.31,1.20,4.08,-0.44,3.54,90,69,159,148,2607
0.47,0.14,0.94,4.00,-0.72,3.53,111,118,64,120,2617
-0.10,-0.20,1.14,3.98,-0.29,3.67,122,242,174,48,2628
0.18,-0.23,0.79,4.30,0.20,3.87,121,34,17,106,2638
0.11,-0.17,0.96,4.06,0.63,3.89,99,180,107,99,2648
0.29,0.01,0.89,3.94,1.12,3.87,55,198,238,32,2658
0.30,-0.09,0.99,3.91,1.69,3.88,214,225,185,140,2669
0.22,-0.02,0.90,3.70,1.83,3.82,36,219,109,119,2679
0.21,-0.05,1.00,3.63,1.65,3.77,214,90,238,248,2689
0.12,-0.04,0.89,3.67,1.34,3.72,126,89,206,214,2700
0.25,-0.19,1.12,3.83,0.87,3.67,237,144,14,51,2710
0.16,-0.13,0.83,4.09,0.21,3.65,169,56,14,128,2720
0.00,0.19,2.00,4.13,-0.81,3.58,136,213,11,123,2730
-0.01,-0.69,1.63,4.65,-1.44,3.62,151,216,216,139,2741
0.98,0.68,-0.06,6.30,22.11,25.16,66,145,233,154,2751
41,210,173,49,2806
245,106,240,113,2809
0.18,-0.17,0.94,3.64,0.56,3.85,70,155,155,69,2819
0.16,-0.21,1.03,3.88,0.77,3.91,43,9,100,120,2829
-0.08,0.06,1.20,4.00,0.81,3.93,231,231,19,189,2838
0.27,-0.05,0.79,3.87,0.70,3.89,55,11,57,209,2848
0.10,0.04,1.18,3.95,0.78,3.87,84,138,104,194,2858
0.17,-0.23,1.18,4.02,0.63,3.86,17,234,98,73,2868
0.11,-0.07,1.10,4.00,0.68,3.87,23,102,43,97,2877
0.15,-0.20,1.01,3.73,0.82,3.86,193,169,160,22,2887
0.19,-0.12,0.95,3.42,0.78,3.78,65,253,71,56,2897
0.07,0.06,1.09,2.69,0.12,3.57,86,158,160,136,2907
0.25,0.08,1.03,2.34,-0.25,3.47,223,93,194,73,2916
-0.05,-0.02,0.65,2.15,-0.09,3.50,186,111,22,137,2926
0.15,-0.10,1.12,2.36,0.01,3.51,121,101,141,232,2936
0.06,0.04,1.07,2.84,0.22,3.53,6,131,219,160,2946
0.17,-0.04,1.10,3.28,0.41,3.56,25,75,154,53,2956
0.13,-0.32,1.50,3.83,0.72,3.61,37,166,111,41,2966
-0.02,-0.41,1.40,4.32,0.63,3.66,66,16,174,230,2975
0.28,-0.07,1.17,4.18,0.68,3.61,88,201,132,161,2985
0.07,-0.16,1.01,3.71,0.92,3.55,230,208,207,133,2995
0.08,-0.04,0.98,3.50,1.00,3.52,81,58,33,226,3005
143,70,40,151,3060
29,50,246,173,3063
0.21,-0.13,1.25,3.52,4.14,4.13,114,159,67,182,3073
0.33,-0.13,1.10,3.40,4.15,4.14,98,168,150,190,3083
0.11,-0.10,1.06,3.16,4.10,4.11,114,89,188,204,3093
0.14,-0.10,0.98,2.90,3.89,4.05,115,200,207,232,3103
0.09,-0.13,0.95,2.57,3.65,3.97,188,149,69,72,3112
0.14,0.17,0.98,2.24,3.49,3.91,28,10,230,23,3122
0.17,0.05,1.01,1.80,3.32,3.91,225,176,73,173,3132
0.13,-0.19,0.96,1.64,3.39,3.90,44,103,245,119,3142
0.15,-0.10,0.97,1.70,3.55,3.89,108,185,225,11,3152
0.08,-0.11,0.99,1.68,3.65,3.87,233,130,48,56,3161
0.14,0.08,1.05,1.86,4.09,3.93,226,201,16,48,3171
0.15,0.08,0.83,2.32,5.07,4.16,208,145,46,217,3181
0.14,-0.18,0.50,3.00,6.06,4.44,14,124,75,4,3190
0.17,0.16,1.52,2.95,5.89,4.40,71,187,237,187,3200
0.12,-0.01,1.05,2.65,5.19,4.30,156,122,81,96,3210
0.05,-0.21,1.09,2.64,5.05,4.26,100,52,71,16,3220
0.30,0.03,0.95,2.77,5.15,4.32,117,100,6,124,3229
0.09,-0.20,0.97,2.95,5.22,4.33,2,6,45,28,3239
0.14,0.03,0.93,2.97,4.87,4.28,187,203,155,20,3249
0.26,-0.16,1.04,3.01,4.42,4.23,37,2,35,100,3258
-0.13,-0.10,1.23,3.23,4.10,4.24,124,243,218,5,3269
0.09,-0.16,0.96,3.34,3.87,4.26,188,92,112,70,3279
0.11,-0.12,1.00,3.14,4.02,4.23,101,140,81,11,3289
0.13,-0.12,1.02,3.12,4.38,4.26,248,1,137,35,3299
0.06,-0.21,1.04,3.03,4.78,4.31,141,18,67,51,3309
0.17,0.00,0.73,2.76,4.93,4.28,148,125,100,202,3320
0.14,-0.08,0.78,2.36,4.80,4.20,124,69,243,199,3330
0.16,-0.13,0.89,2.18,4.33,4.09,221,56,12,31,3340
-0.19,0.23,1.33,2.02,3.67,3.96,221,210,240,105,3350
0.22,0.13,1.08,2.07,3.33,3.89,210,182,228,139,3361
0.09,-0.14,0.81,2.25,3.93,4.01,29,118,167,229,3371
-0.20,-0.11,0.83,2.97,4.87,4.27,30,91,154,38,3381
0.25,0.06,1.28,3.17,4.77,4.35,143,141,184,234,3391
-0.08,-0.19,0.72,2.78,4.28,4.28,114,170,197,75,3402
-0.14,0.30,1.22,2.92,3.66,4.18,1,235,67,193,3412
0.24,0.06,1.32,3.18,3.46,4.20,158,115,25,29,3422
0.16,-0.17,1.26,3.38,3.37,4.20,241,92,215,240,3432
-0.04,-0.02,1.15,3.25,3.38,4.16,17,235,53,115,3442
0.23,-0.16,0.85,3.07,3.38,4.13,191,222,35,167,3453
186,251,236,53,3508
0.36,-0.06,0.86,1.86,3.30,3.94,62,196,107,61,3517
0.22,-0.15,0.82,1.65,3.96,3.93,199,156,6,41,3527
0.36,-0.14,0.88,1.56,4.34,3.92,163,128,112,26,3537
0.26,-0.04,0.82,1.44,4.24,3.85,24,41,175,192,3547
0.25,-0.10,0.86,1.44,3.80,3.77,159,144,201,142,3557
0.26,-0.10,0.80,1.82,3.50,3.83,117,149,46,36,3567
0.15,0.06,0.93,2.05,2.79,3.83,83,183,185,28,3576
0.29,-0.09,0.77,2.08,1.76,3.78,117,102,64,183,3586
0.29,-0.09,0.89,2.33,0.62,3.73,21,173,24,252,3596
0.17,-0.04,1.03,2.45,-1.01,3.58,11,145,47,221,3606
0.19,-0.01,0.99,2.65,-2.90,3.37,79,165,32,27,3616
0.48,-0.22,1.25,2.99,-4.37,3.23,232,195,122,208,3626
0.15,-0.15,0.85,3.48,-5.56,3.15,60,126,113,68,3635
0.08,-0.13,1.03,3.67,-7.10,3.04,18,30,174,1,3645
-0.04,0.33,1.60,4.03,-8.51,2.95,241,156,159,30,3655
0.03,-0.65,1.52,4.50,-9.03,2.93,232,2,181,233,3665
0.41,-0.24,1.10,4.09,-8.71,2.85,157,64,147,113,3675
-0.12,0.06,1.52,3.52,-8.80,2.79,167,234,218,98,3685
0.09,-0.09,0.95,2.79,-9.52,2.70,119,149,250,98,3695
0.14,-0.06,0.87,2.06,-9.73,2.72,73,205,144,66,3705
0.04,0.10,0.86,1.71,-10.24,2.65,145,192,243,190,3715
0.06,0.23,0.65,1.42,-10.50,2.64,19,209,174,153,3725
0.06,-0.00,0.76,1.45,-9.66,2.79,52,245,95,225,3736
0.44,0.19,1.24,2.37,-7.85,3.05,178,252,142,99,3746
-0.02,-0.38,1.27,3.63,-6.14,3.41,164,217,12,140,3756
0.49,-0.06,1.59,3.65,-5.93,3.49,240,231,245,195,3767
-0.07,-0.25,0.37,2.89,-6.23,3.43,30,245,208,149,3777
0.32,-0.05,0.98,2.56,-6.84,3.40,29,126,102,13,3788
0.08,0.07,0.64,2.33,-7.22,3.50,138,208,98,128,3798
0.17,0.02,0.89,2.67,-7.46,3.64,121,112,159,57,3808
0.15,-0.88,1.55,3.49,-7.09,3.88,109,168,52,155,3819
-0.01,-0.11,0.56,4.45,-7.13,4.01,179,220,138,55,3829
0.08,-0.25,1.43,3.98,-8.01,3.85,144,240,36,12,3839
0.27,-0.14,1.21,4.04,-8.73,3.68,84,157,7,129,3850
0.20,-0.19,0.88,4.09,-8.14,3.69,134,141,118,200,3860
-0.15,-0.23,1.38,4.34,-8.09,3.71,200,119,16,48,3870
0.08,-0.16,1.05,4.39,-8.21,3.70,140,53,150,23,3881
0.15,-0.22,0.92,4.09,-8.09,3.68,166,237,252,128,3891
36,129,152,52,3946
0.08,-0.00,0.75,4.84,-4.99,4.32,189,194,119,120,3957
0.06,-0.16,1.00,4.96,-4.99,4.39,54,84,81,56,3966
0.17,-0.14,0.90,4.97,-4.97,4.40,174,137,69,137,3976
0.06,-0.07,0.93,4.79,-4.74,4.41,69,2,9,28,3986
0.34,-0.05,0.91,4.78,-4.54,4.45,241,4,140,98,3996
0.10,-0.05,0.88,4.75,-4.41,4.50,225,111,93,31,4005
0.04,-0.22,1.31,4.86,-4.62,4.51,66,111,211,23,4015
0.27,-0.15,1.21,5.06,-4.74,4.54,69,112,52,140,4025
0.10,-0.09,1.01,5.01,-4.63,4.54,230,57,56,61,4035
0.08,-0.17,1.03,4.96,-4.54,4.53,185,24,156,64,4045
0.11,-0.14,1.06,4.96,-4.46,4.53,164,74,35,196,4055
0.09,-0.10,1.01,5.01,-4.24,4.56,89,215,52,5,4064
0.17,-0.08,1.02,4.95,-3.94,4.58,95,141,68,116,4074
0.23,-0.12,0.89,4.82,-3.56,4.58,135,158,121,123,4084
0.14,-0.10,0.96,4.71,-3.27,4.57,209,169,122,230,4094
0.17,-0.11,0.90,4.74,-3.21,4.56,56,84,169,94,4104
0.25,-0.10,0.97,4.73,-3.46,4.52,38,223,53,77,4114
-0.24,0.17,0.92,4.73,-4.09,4.42,249,223,117,142,4124
-0.01,-0.11,1.18,5.06,-4.09,4.39,180,225,106,24,4134
0.10,-0.10,1.10,5.04,-4.16,4.36,179,164,7,211,4144
0.13,0.02,0.82,5.06,-3.93,4.42,182,104,114,156,4154
0.21,-0.07,1.01,4.99,-3.66,4.44,119,17,13,209,4165
0.15,-0.14,1.02,4.79,-3.49,4.43,128,232,103,135,4175
0.12,-0.02,0.91,4.66,-3.39,4.44,36,36,226,162,4185
0.06,-0.09,0.94,4.57,-3.16,4.49,152,7,253,204,4196
0.15,-0.11,1.01,4.74,-2.88,4.58,251,84,226,75,4206
0.04,-0.00,1.06,4.80,-2.84,4.60,233,204,117,48,4216
0.18,-0.10,0.91,4.69,-3.13,4.55,83,19,89,238,4227
0.07,-0.13,1.00,4.69,-3.42,4.48,183,127,136,247,4237
0.11,-0.08,1.20,4.68,-3.70,4.42,221,242,24,193,4247
0.20,-0.09,1.18,4.68,-3.84,4.39,204,91,60,82,4258
0.22,-0.05,0.87,4.46,-3.75,4.36,202,74,95,213,4268
-0.01,0.04,1.04,4.27,-3.74,4.31,36,181,58,99,4278
0.23,0.03,0.98,4.19,-3.84,4.29,235,4,36,168,4288
0.04,-0.11,0.99,4.26,-3.66,4.31,143,49,247,112,4299
0.15,-0.15,1.19,4.38,-3.57,4.31,153,8,144,152,4309
0.14,-0.07,1.09,4.45,-3.33,4.34,21,73,23,74,4319
0.08,-0.03,1.00,4.52,-2.72,4.45,253,129,84,67,4329
166,151,240,74,4385
88,169,108,132,4387
0.21,-0.18,1.08,5.17,-0.93,4.95,211,119,102,75,4397
0.17,-0.10,0.90,5.12,-0.49,4.98,181,113,161,247,4407
0.10,-0.12,1.00,4.99,-0.08,5.02,92,127,181,37,4417
0.21,-0.21,1.09,4.99,0.38,5.09,245,215,150,84,4427
0.17,-0.11,1.10,4.86,0.94,5.15,122,184,28,43,4437
0.20,-0.08,0.89,4.57,1.28,5.15,127,106,97,142,4447
0.15,-0.02,0.87,4.08,1.40,5.05,25,164,110,230,4456
0.20,0.16,0.77,3.64,1.17,4.90,57,203,187,89,4466
0.12,-0.06,0.98,3.39,0.93,4.77,134,226,65,31,4476
0.21,-0.11,0.87,3.56,0.97,4.71,240,185,226,202,4486
0.16,-0.04,0.90,3.91,1.40,4.80,8,128,169,79,4496
0.39,-0.24,1.27,4.41,1.66,4.95,157,9,29,80,4505
0.29,-0.08,0.70,4.81,1.42,5.05,159,59,119,159,4515
0.09,-0.26,0.95,4.75,0.60,4.97,32,68,63,121,4525
0.14,-0.07,1.01,4.76,-0.80,4.77,220,204,163,158,4535
0.48,0.50,2.00,4.15,-3.01,4.44,74,227,53,136,4545
-0.06,0.03,-0.05,4.10,-4.19,4.24,129,244,222,94,4555
-0.13,-0.39,0.56,4.29,-3.17,4.37,17,91,105,42,4564
0.39,0.22,1.28,5.12,-2.67,4.59,44,22,47,184,4574
0.26,-0.22,1.02,5.33,-2.02,4.81,90,26,57,144,4584
0.22,-0.29,0.95,5.20,-1.80,4.83,77,24,205,68,4595
0.06,-0.01,0.85,5.07,-1.25,4.89,135,135,102,191,4605
0.08,-0.15,0.89,4.79,-0.71,4.87,113,128,31,249,4615
0.17,0.04,0.86,4.44,-0.68,4.74,226,180,64,190,4626
0.19,-0.05,0.91,4.05,-1.26,4.52,102,199,40,99,4636
0.16,-0.03,0.90,4.01,-1.79,4.39,182,10,29,64,4646
0.20,-0.15,0.93,4.34,-2.22,4.35,180,9,153,117,4657
0.03,0.19,1.92,4.73,-2.64,4.38,210,252,36,44,4667
0.21,-0.80,2.00,5.37,-2.70,4.51,50,218,160,8,4677
-0.13,-0.41,1.29,5.93,-2.65,4.60,15,157,67,115,4687
0.41,-0.25,1.48,5.72,-2.61,4.60,8,67,133,11,4697
0.33,-0.07,1.09,5.39,-2.04,4.69,195,171,184,202,4708
0.07,-0.18,0.98,5.05,-1.36,4.82,206,25,99,58,4718
0.12,0.00,0.91,4.55,-1.09,4.85,67,106,47,132,4728
0.11,0.06,1.08,3.77,-1.19,4.78,174,254,224,85,4739
0.07,0.02,0.67,3.34,-0.86,4.71,208,82,26,175,4749
0.34,0.15,0.70,3.34,-0.08,4.66,242,158,94,79,4759
0.34,-0.10,0.74,3.72,0.80,4.61,210,34,172,114,4769
251,218,177,136,4825
0.21,-0.06,0.92,5.25,4.39,5.33,11,108,162,87,4834
0.20,-0.02,0.93,5.63,4.61,5.48,249,7,140,86,4844
0.41,-0.14,0.68,6.05,4.72,5.63,105,166,28,234,4854
0.15,0.06,1.14,6.00,4.15,5.56,203,19,240,76,4864
0.18,-0.01,1.03,6.20,3.14,5.48,201,96,113,33,4874
0.28,-0.10,0.68,6.60,2.33,5.47,30,24,235,16,4883
0.02,-0.32,1.07,6.36,1.31,5.31,127,119,98,225,4893
0.40,0.17,1.12,6.16,-0.23,5.06,232,238,126,131,4903
0.06,-0.17,1.00,5.89,-1.32,4.87,120,234,103,58,4913
0.04,0.12,0.84,6.35,-1.39,4.92,170,187,3,206,4923
0.10,-0.33,0.57,7.25,-1.02,5.13,20,127,103,156,4933
0.10,0.23,1.11,7.13,-1.51,5.03,40,108,24,219,4943
0.23,0.04,0.93,6.83,-2.54,4.83,151,232,97,227,4952
0.14,-0.06,1.32,7.15,-3.17,4.70,218,191,62,173,4962
0.05,-0.17,0.76,7.57,-3.85,4.65,68,148,195,89,4972
0.19,-0.00,0.91,7.61,-3.87,4.64,97,140,109,135,4982
-0.05,-0.35,0.97,7.01,-3.35,4.61,35,209,238,133,4992
0.40,0.02,0.90,6.87,-2.57,4.67,22,45,82,155,5002
-0.05,-0.33,0.84,6.58,-1.11,4.86,163,216,60,197,5012
0.27,-0.17,1.02,6.53,0.21,5.03,113,249,96,95,5022
0.17,-0.07,1.27,6.22,1.28,5.18,4,185,5,39,5032
0.26,-0.12,0.83,5.59,1.77,5.19,237,134,106,238,5042
0.26,0.08,1.05,4.63,1.52,5.10,54,119,201,49,5052
0.08,0.01,0.76,3.98,0.84,5.02,254,110,77,252,5062
0.25,0.07,0.78,3.60,-0.07,4.98,72,57,223,98,5073
0.05,-0.18,0.96,3.29,-1.12,4.97,208,76,7,58,5083
0.11,0.26,0.92,3.17,-2.04,4.97,184,210,227,40,5093
0.10,0.01,1.00,3.18,-2.65,4.98,134,30,54,84,5103
0.07,-0.03,0.96,3.39,-2.36,5.06,99,149,96,71,5113
0.37,0.13,0.91,4.14,-1.18,5.23,126,66,120,196,5124
0.40,0.05,1.15,5.12,0.54,5.46,126,79,152,80,5134
0.05,-0.41,0.83,6.35,1.33,5.63,70,175,166,64,5144
0.12,0.15,1.44,6.48,0.28,5.43,28,173,33,223,5154
0.15,-0.12,0.59,5.91,-2.09,4.98,43,17,157,77,5164
-0.39,-0.24,-1.02,5.86,-4.01,4.48,81,114,78,252,5175
0.48,0.06,1.65,6.35,-3.45,4.41,79,86,145,238,5185
0.16,-0.19,1.93,6.99,-3.11,4.52,103,65,242,81,5195
-0.09,-0.29,1.24,7.50,-3.08,4.61,180,174,239,72,5206
1.63,-1.87,0.06,7.21,-3.21,6.28,62,76,190,26,5216
121,114,105,41,5272
133,155,191,115,5274
0.14,-0.05,0.95,7.17,-1.00,5.35,215,180,156,42,5284
0.12,-0.16,0.99,7.16,-0.94,5.35,93,160,126,189,5294
0.11,-0.21,1.12,7.13,-0.79,5.35,2,240,117,185,5304
0.18,-0.13,1.07,7.14,-0.41,5.38,222,151,83,130,5314
0.05,-0.12,1.11,6.92,0.07,5.39,166,48,69,198,5324
0.26,-0.12,0.98,6.58,0.23,5.34,100,49,247,28,5334
0.29,0.31,0.94,5.85,-0.08,5.16,212,4,50,110,5343
-0.12,-0.07,0.91,4.76,-1.10,4.92,121,161,80,159,5353
0.09,0.08,0.86,4.35,-1.93,4.71,78,168,240,92,5363
0.14,0.03,0.89,4.40,-1.22,4.79,16,226,111,123,5373
-0.00,-0.06,1.07,4.96,0.85,5.12,128,108,100,254,5383
0.06,-0.22,0.50,6.08,2.89,5.52,249,181,93,232,5393
-0.01,-0.14,0.08,6.76,3.83,5.77,19,49,164,131,5403
0.13,-0.09,1.08,6.41,3.59,5.65,226,32,212,111,5412
0.27,0.10,1.31,6.63,3.21,5.63,220,194,123,192,5422
0.03,0.05,0.69,6.74,2.92,5.63,146,129,106,40,5432
0.16,-0.27,0.89,6.66,2.34,5.61,105,155,61,202,5442
0.21,-0.00,0.99,6.79,1.78,5.59,254,40,137,197,5452
0.01,-0.05,0.98,6.84,1.26,5.62,124,35,233,213,5462
0.12,-0.23,0.88,7.02,0.76,5.69,212,205,5,249,5472
0.13,0.04,1.36,7.01,0.14,5.65,253,81,92,203,5482
0.26,-0.13,1.27,7.06,-0.40,5.56,139,52,133,252,5492
-0.10,-0.31,0.99,6.99,-0.30,5.52,171,83,252,182,5502
0.10,-0.09,0.96,6.81,-0.49,5.44,16,90,70,38,5513
-0.02,-0.12,0.98,6.30,-0.63,5.38,193,92,27,1,5523
0.06,-0.12,0.89,5.70,-0.74,5.33,11,95,6,221,5533
0.20,-0.15,0.76,5.43,-0.63,5.26,241,23,59,146,5543
0.11,0.03,0.92,5.40,-0.60,5.18,32,106,233,46,5553
0.18,-0.05,1.25,5.79,-0.21,5.19,166,51,110,172,5564
0.03,-0.38,0.82,6.84,0.81,5.38,144,67,196,29,5574
0.06,-0.15,0.53,7.68,1.16,5.58,35,121,245,139,5584
0.04,-0.23,1.07,7.18,0.70,5.48,110,219,21,35,5594
0.30,0.38,1.01,7.23,0.45,5.53,145,119,30,84,5605
-0.12,-0.44,1.22,7.35,0.83,5.79,139,221,117,3,5615
0.43,-0.04,1.25,7.51,0.78,5.89,37,152,158,138,5625
-0.06,-0.23,1.07,7.05,0.44,5.83,249,164,117,223,5636
0.08,0.20,1.00,6.77,0.04,5.68,67,25,74,46,5646
0.16,-0.05,1.12,6.51,0.32,5.63,172,172,174,99,5656
227,51,48,104,5713
0.17,-0.07,0.97,8.02,2.76,5.92,27,50,108,7,5723
0.21,-0.08,0.84,7.97,3.26,5.98,163,145,35,72,5733
0.27,-0.02,0.89,7.80,3.49,5.95,108,174,172,191,5743
0.15,0.02,0.79,7.73,3.30,5.87,113,228,164,23,5753
0.23,-0.17,0.92,7.88,2.78,5.78,64,235,48,197,5762
0.18,-0.05,1.15,7.94,2.04,5.67,207,80,154,145,5772
0.20,-0.10,0.94,7.97,1.09,5.54,18,192,194,37,5782
0.11,-0.11,1.01,7.91,0.14,5.38,74,197,17,201,5792
0.11,-0.10,1.04,7.90,-0.63,5.25,152,29,182,127,5802
0.05,-0.15,1.08,8.10,-0.98,5.29,60,161,206,49,5812
0.17,-0.09,1.15,8.30,-1.22,5.37,127,72,36,55,5822
-0.03,-0.08,0.68,8.10,-1.83,5.33,177,221,150,229,5832
0.23,-0.10,1.32,8.05,-1.79,5.29,45,144,160,50,5841
0.37,-0.06,0.98,8.08,-1.21,5.37,45,186,1,176,5851
-0.01,-0.18,0.89,8.37,-0.30,5.48,38,246,35,208,5861
0.16,-0.24,1.14,8.39,-0.31,5.48,90,241,37,226,5871
0.40,-0.13,1.90,7.98,-1.21,5.33,23,252,139,22,5881
0.36,-0.05,0.88,7.66,-1.95,5.14,226,27,213,184,5891
-0.02,-0.21,0.71,7.39,-1.41,5.15,152,67,80,253,5901
0.36,0.15,0.90,7.64,-1.10,5.18,167,225,116,157,5911
110,114,114,242,5966
11,109,219,116,5968
0.04,0.19,1.52,7.49,0.30,5.48,190,220,155,146,5978
0.27,0.01,1.33,8.01,0.34,5.63,88,108,176,80,5988
0.04,-0.30,0.88,8.61,0.91,5.87,104,102,149,8,5998
-0.03,0.02,0.97,9.25,1.54,6.07,33,241,103,224,6007
0.10,-0.02,1.24,9.33,1.64,6.13,24,64,187,157,6017
0.09,-0.05,0.81,9.12,1.65,6.14,220,120,244,251,6027
0.20,-0.15,0.85,9.33,1.75,6.23,90,100,250,250,6037
0.10,-0.08,1.02,9.35,1.62,6.22,81,130,191,106,6047
0.01,-0.38,0.56,9.18,1.15,6.09,51,5,208,13,6057
0.01,-0.21,1.09,9.17,1.13,5.99,112,183,225,15,6066
0.24,-0.14,1.13,8.90,1.02,5.93,144,30,186,145,6076
0.16,-0.13,1.20,8.59,0.89,5.88,223,143,52,29,6086
0.18,-0.04,0.93,8.19,0.76,5.86,147,123,49,251,6096
0.04,-0.11,0.87,7.89,1.00,5.90,49,176,211,113,6106
0.16,0.03,0.92,7.94,1.62,5.99,136,148,153,150,6116
0.21,-0.03,0.94,7.92,1.97,6.01,92,251,107,13,6125
0.08,-0.06,0.77,7.77,1.95,5.95,103,193,125,253,6135
0.25,-0.10,0.71,7.90,1.79,5.89,46,141,213,199,6145
0.05,-0.03,0.86,8.28,1.65,5.88,105,116,98,194,6155
0.32,-0.41,1.33,9.08,1.58,5.99,97,202,22,48,6165
-0.26,-0.08,0.98,9.99,1.61,6.08,82,125,106,172,6175
0.17,0.20,0.89,9.89,1.58,6.07,148,191,254,227,6186
-0.01,-0.03,0.92,9.39,1.85,6.09,118,3,211,104,6196
0.15,0.15,1.04,9.28,2.06,6.18,195,161,174,64,6206
0.22,-0.22,0.92,9.38,2.58,6.31,8,236,86,252,6216
0.25,-0.09,1.07,9.33,2.98,6.32,235,70,134,205,6226
0.24,-0.19,0.90,8.92,2.94,6.18,196,147,193,80,6237
0.21,0.22,0.97,8.26,2.40,5.86,201,12,200,108,6247
-0.13,0.09,0.81,7.41,1.62,5.61,238,89,147,242,6257
0.11,0.14,0.85,7.33,1.12,5.52,198,70,191,32,6267
0.16,-0.41,1.17,7.54,1.46,5.61,3,22,109,89,6277
0.11,-0.03,0.79,8.22,2.24,5.83,19,54,142,7,6287
0.30,-0.85,1.70,8.98,2.99,6.14,133,86,173,33,6298
0.09,-0.10,1.10,9.40,3.07,6.23,200,25,182,59,6308
-0.28,0.12,1.17,8.86,2.37,6.06,129,75,5,183,6318
0.25,0.00,1.20,8.32,1.54,5.82,77,148,186,111,6328
-0.01,-0.15,0.82,7.70,1.90,5.78,191,179,183,57,6338
0.13,0.11,0.87,7.66,2.30,5.79,143,103,9,51,6348
-0.98,1.13,-2.00,7.57,2.98,5.84,211,185,55,164,6359
245,244,52,3,6413
75,135,26,139,6416
89,208,227,216,6418
0.31,-0.16,0.72,9.88,5.11,6.57,122,54,86,76,6428
0.30,-0.16,0.87,9.67,5.67,6.54,67,142,16,188,6438
0.41,0.06,0.75,9.39,5.51,6.42,186,250,106,142,6448
0.32,-0.06,0.72,9.18,5.02,6.34,20,73,117,84,6458
0.25,-0.15,0.75,9.32,4.29,6.32,231,138,190,163,6467
0.19,-0.05,0.96,9.44,3.09,6.26,221,197,81,224,6477
0.14,-0.09,1.14,9.47,1.54,6.12,64,242,25,27,6487
0.15,-0.03,0.86,9.58,0.35,6.00,246,73,115,251,6497
0.26,-0.02,0.95,9.90,-0.47,5.90,114,250,54,214,6507
0.15,0.04,0.97,10.32,-1.35,5.80,43,30,159,190,6517
0.09,-0.17,1.10,10.95,-2.36,5.68,154,104,254,151,6527
0.27,-0.01,1.23,11.28,-3.72,5.48,160,146,104,38,6537
0.08,-0.10,0.97,11.17,-5.19,5.20,153,203,35,164,6547
0.16,-0.04,1.16,11.07,-6.76,4.84,170,7,101,101,6557
0.18,-0.04,1.03,10.75,-8.26,4.47,154,161,71,5,6567
0.11,-0.05,1.11,10.60,-9.63,4.11,145,164,37,104,6577
0.12,-0.06,0.98,10.77,-10.59,3.86,2,194,153,160,6587
0.17,-0.17,0.84,11.23,-10.71,3.75,87,116,176,73,6597
0.11,-0.31,1.13,11.68,-10.04,3.78,237,194,148,165,6607
0.22,-0.26,1.14,11.99,-9.44,3.85,55,38,39,199,6618
0.13,-0.07,0.94,12.00,-8.97,3.90,92,194,56,93,6628
0.09,-0.07,1.03,11.80,-8.85,3.96,242,229,4,60,6638
0.18,-0.05,1.03,11.72,-8.60,4.10,86,53,242,55,6648
0.07,-0.11,1.03,11.97,-7.70,4.41,230,88,63,123,6659
0.18,0.00,1.18,11.98,-7.05,4.64,223,135,145,118,6669
0.02,-0.11,1.02,11.55,-6.45,4.79,247,188,20,144,6680
0.14,-0.08,0.81,11.60,-5.66,5.00,159,186,140,21,6690
0.08,-0.19,1.05,11.35,-4.99,5.16,57,156,254,98,6701
0.29,0.02,0.82,11.14,-4.71,5.25,27,176,253,219,6711
0.08,-0.03,0.81,10.94,-4.40,5.39,15,134,231,74,6721
0.19,-0.05,0.79,11.09,-4.13,5.55,135,65,73,43,6732
0.39,-0.17,0.93,11.47,-4.03,5.74,2,215,89,117,6742
0.27,-0.04,1.22,11.39,-4.53,5.73,10,249,185,227,6753
0.22,-0.04,0.78,11.33,-5.57,5.68,59,244,208,170,6763
0.05,-0.37,0.99,11.13,-7.03,5.55,92,150,190,237,6774
-0.11,0.04,2.00,10.72,-9.36,5.33,156,145,158,77,6784
0.26,0.42,1.65,11.24,-9.86,5.32,86,117,62,100,6794
227,111,184,96,6853
14,50,133,168,6855
104,119,25,230,6858
0.10,0.03,0.82,12.28,-5.19,5.80,6,1,84,130,6867
0.24,0.01,1.05,12.07,-5.13,5.71,111,105,16,8,6877
0.30,0.01,0.91,11.53,-6.12,5.44,243,50,61,213,6887
0.32,-0.07,1.09,10.78,-8.06,5.07,7,177,194,66,6897
-0.00,0.08,0.51,10.59,-10.14,4.78,83,48,71,141,6907
-0.02,-0.16,1.15,11.33,-10.99,4.77,79,140,213,4,6917
-0.00,-0.62,1.21,13.02,-10.94,4.98,111,34,134,163,6927
0.43,-0.15,1.32,14.00,-12.14,5.06,227,78,47,105,6937
-0.20,0.26,0.24,13.50,-13.51,4.94,68,95,243,95,6947
-0.04,0.17,1.53,13.93,-13.71,4.95,205,121,186,251,6957
0.36,-0.08,1.56,13.83,-13.73,4.96,84,50,198,58,6967
0.21,-0.13,0.99,13.56,-13.45,4.96,188,113,31,98,6977
0.01,0.12,0.69,13.45,-13.41,4.98,73,29,155,8,6987
0.12,0.11,1.27,13.64,-13.37,5.00,55,86,113,106,6997
-0.01,-0.21,1.23,13.82,-13.43,5.00,14,89,235,119,7007
0.01,-0.06,0.92,13.73,-13.35,4.99,124,89,238,98,7017
0.17,-0.06,0.86,13.60,-13.21,4.97,47,184,237,16,7027
0.10,-0.31,1.00,13.71,-12.96,5.03,166,15,9,137,7037
0.15,-0.08,1.21,13.80,-12.90,5.07,181,221,192,219,7047
181,58,8,248,7101
0.17,-0.14,0.97,13.66,-10.40,5.08,16,29,194,166,7111
0.13,-0.04,0.82,13.46,-10.26,5.10,246,1,220,204,7122
0.20,0.02,0.87,13.38,-10.25,5.08,135,144,200,157,7132
0.17,-0.13,0.95,13.51,-10.39,5.01,98,113,127,217,7142
0.17,-0.11,1.01,13.83,-10.59,4.97,237,2,74,149,7152
0.16,-0.09,1.03,14.28,-10.35,5.06,179,121,6,39,7162
0.20,-0.69,1.22,14.89,-9.61,5.26,240,246,148,236,7172
0.24,-0.06,0.89,15.33,-9.28,5.41,43,194,234,129,7182
0.11,-0.38,0.88,14.90,-9.56,5.41,19,246,75,154,7192
0.05,0.31,0.92,14.51,-10.40,5.28,77,38,13,149,7202
-0.00,0.06,0.99,13.81,-11.39,5.14,245,215,137,154,7212
0.06,0.15,1.10,13.97,-11.32,5.13,25,191,65,52,7222
-0.01,-0.01,1.00,14.69,-10.17,5.29,212,46,61,247,7232
0.08,-0.24,0.41,15.46,-9.28,5.50,194,70,235,126,7242
0.07,-0.27,1.43,15.12,-9.15,5.48,16,209,159,113,7252
0.19,-0.08,0.76,14.64,-9.44,5.42,170,233,109,239,7262
0.25,-0.03,1.19,13.76,-9.54,5.36,182,219,241,201,7272
0.00,0.01,0.66,13.29,-9.48,5.35,42,87,179,110,7282
0.25,-0.17,0.90,13.07,-9.27,5.37,107,228,236,173,7292
0.07,-0.05,0.85,12.90,-9.16,5.40,179,125,182,28,7303
0.32,0.17,0.79,12.95,-9.26,5.39,188,128,232,76,7313
0.19,-0.11,0.93,13.24,-9.06,5.45,137,5,168,26,7323
0.33,0.03,1.21,13.90,-8.40,5.56,166,30,66,82,7334
0.81,-0.48,1.75,14.93,-7.73,5.76,144,72,28,129,7344
0.29,-0.24,0.42,15.35,-7.21,5.91,155,63,179,73,7354
0.06,-0.42,0.74,15.00,-7.84,5.81,77,241,79,40,7365
0.14,0.14,0.70,14.80,-9.16,5.65,221,13,92,107,7375
-0.14,0.13,0.81,14.39,-10.21,5.55,48,251,11,60,7385
0.18,0.01,1.23,14.62,-10.12,5.59,156,44,246,92,7396
0.16,-0.14,0.92,15.14,-9.25,5.75,134,12,64,178,7406
-0.00,-0.18,0.71,15.75,-8.29,5.91,65,107,37,67,7416
0.12,0.03,1.51,15.55,-8.54,5.78,47,33,104,104,7427
0.16,-0.09,1.03,14.93,-9.79,5.53,240,69,137,31,7437
0.22,0.11,1.52,14.43,-10.00,5.43,41,42,61,252,7447
0.01,-0.12,0.77,13.96,-9.52,5.50,15,136,185,190,7458
0.25,0.13,1.12,13.95,-8.73,5.59,62,202,48,150,7468
0.22,-0.06,0.88,13.92,-7.38,5.73,145,78,115,224,7479
32,36,208,83,7533
181,205,160,26,7536
0.14,-0.12,0.94,13.79,-7.05,5.84,60,89,56,12,7546
0.13,-0.08,1.04,13.89,-6.99,5.85,97,81,85,50,7556
0.15,-0.07,0.96,13.89,-6.92,5.86,85,200,234,83,7566
0.16,-0.09,1.03,13.89,-6.84,5.86,250,240,30,110,7576
0.17,-0.15,1.02,13.90,-6.76,5.88,204,118,23,226,7586
0.13,-0.09,0.98,13.88,-6.63,5.88,68,133,180,20,7596
0.16,-0.10,0.99,13.85,-6.52,5.89,115,107,101,89,7606
0.12,-0.14,1.11,13.78,-6.39,5.88,108,52,232,121,7616
0.12,-0.11,1.18,13.73,-6.11,5.90,128,197,195,128,7626
0.12,-0.15,1.11,13.72,-5.39,5.96,167,78,187,130,7636
0.13,-0.19,1.03,13.56,-4.34,6.04,153,175,115,110,7646
0.16,-0.12,0.92,13.22,-3.41,6.12,100,17,204,170,7656
0.11,0.02,1.02,12.64,-2.73,6.13,161,134,98,40,7666
0.21,0.03,0.95,12.18,-2.29,6.13,63,211,89,85,7676
0.14,-0.04,0.86,11.99,-1.82,6.14,179,179,1,41,7686
0.17,-0.06,0.87,12.08,-1.36,6.16,244,251,245,84,7696
0.30,-0.07,0.94,12.38,-0.92,6.22,59,75,149,151,7706
0.46,-0.21,1.09,12.86,-0.41,6.37,223,225,253,224,7716
0.26,-0.05,0.78,13.30,-0.30,6.50,201,39,66,244,7726
0.12,-0.20,1.12,13.13,-0.76,6.45,139,178,210,243,7736
0.32,0.05,0.85,13.23,-1.30,6.39,165,60,132,166,7747
0.02,-0.20,1.13,13.39,-1.44,6.42,133,197,182,75,7757
0.30,0.00,1.06,13.54,-1.85,6.44,155,222,128,113,7768
0.09,-0.10,1.05,13.44,-2.18,6.46,185,244,220,152,7778
0.14,-0.03,0.99,13.53,-2.64,6.46,97,173,84,144,7789
0.23,-0.11,0.95,13.46,-3.20,6.41,92,180,143,209,7799
0.00,-0.01,0.86,13.47,-3.85,6.29,92,177,45,198,7809
0.10,-0.03,0.95,13.71,-4.34,6.23,231,109,236,195,7820
0.17,-0.30,1.14,14.21,-4.76,6.21,222,195,194,225,7831
0.17,-0.26,0.91,14.47,-4.77,6.22,50,142,190,248,7841
0.19,-0.21,1.26,13.98,-4.37,6.17,154,183,140,48,7851
0.29,0.15,1.00,13.66,-4.09,6.19,30,66,165,98,7862
-0.10,-0.25,1.19,13.47,-3.35,6.29,136,159,173,9,7872
0.30,-0.20,1.22,13.67,-2.00,6.55,28,9,7,125,7882
0.21,0.03,0.79,13.81,-0.52,6.80,178,136,86,55,7893
-0.05,-0.25,0.90,13.22,0.25,6.83,242,25,231,229,7903
0.16,-0.06,1.08,12.68,0.04,6.68,207,208,212,180,7913
184,84,195,157,7969
88,13,58,221,7971
0.08,-0.11,0.93,13.44,0.15,6.82,88,196,201,188,7981
0.19,-0.09,0.93,13.46,0.72,6.87,162,144,131,240,7991
0.20,-0.15,1.05,13.25,1.05,6.84,15,159,95,124,8001
0.13,-0.15,1.02,12.70,0.63,6.64,161,234,112,219,8011
0.21,0.01,1.13,11.80,-0.39,6.33,28,79,233,1,8021
0.06,-0.04,0.77,11.21,-1.48,6.05,153,199,127,92,8031
0.05,-0.05,0.67,10.81,-2.24,5.88,173,78,88,243,8041
0.15,0.05,0.87,10.66,-2.75,5.79,51,145,188,215,8051
0.13,0.01,0.93,10.81,-3.05,5.81,132,62,29,23,8060
0.10,-0.09,1.01,11.13,-2.84,5.92,139,69,67,123,8070
0.26,0.08,0.74,11.76,-1.97,6.13,86,14,130,130,8080
0.17,-0.13,1.19,12.98,-0.34,6.48,216,191,23,181,8090
-0.17,-0.46,0.44,14.37,0.18,6.80,213,5,14,41,8100
-0.10,-0.04,1.77,13.96,-0.56,6.62,2,246,217,152,8110
0.20,0.06,0.59,13.73,-1.47,6.52,38,123,231,49,8120
-0.13,-0.37,0.76,13.33,-1.29,6.52,101,249,44,234,8130
0.27,-0.07,1.03,13.14,-1.25,6.52,105,123,144,130,8140
0.04,-0.05,0.85,12.67,-0.92,6.54,9,144,72,198,8150
0.26,-0.26,0.89,12.65,-0.42,6.61,17,222,19,180,8160
0.24,-0.02,0.78,13.29,0.85,6.80,82,139,8,123,8170
-0.13,-0.53,1.22,14.11,1.97,7.09,13,248,199,113,8180
0.26,0.02,1.36,14.39,1.81,7.09,43,12,186,218,8191
-0.01,-0.16,0.51,14.00,1.07,6.99,166,18,44,232,8201
0.32,-0.00,1.09,13.87,-0.14,6.80,51,148,180,178,8211
0.10,0.04,0.42,13.87,-1.00,6.73,132,52,189,153,8222
-0.14,-0.32,0.78,14.03,-0.42,6.85,199,53,69,204,8232
0.79,-0.44,1.48,14.65,0.09,6.95,125,39,76,81,8242
0.21,-0.28,0.50,15.02,0.79,7.08,71,195,62,26,8253
-0.01,-0.39,1.07,14.69,0.64,6.99,62,15,247,200,8263
0.18,0.01,0.82,14.40,-0.13,6.84,194,229,247,155,8273
-0.06,-0.21,0.93,13.99,0.03,6.84,235,155,125,167,8284
0.13,-0.05,0.67,13.82,-0.02,6.90,74,74,187,45,8294
-0.03,-0.16,1.05,13.66,-0.05,6.93,217,204,47,54,8305
0.11,-0.03,1.09,13.51,-0.21,6.87,161,188,168,153,8315
0.02,0.06,0.72,13.38,-0.19,6.79,55,253,113,76,8325
0.01,-0.17,0.88,13.54,0.07,6.79,48,249,160,136,8336
0.22,-0.10,0.84,13.88,0.31,6.76,35,218,152,59,8346
57,167,208,105,8405
0.31,0.03,0.96,12.85,5.86,7.22,74,150,54,61,8414
0.12,-0.19,0.92,12.54,5.78,7.21,132,201,56,2,8424
0.13,0.07,1.00,12.41,5.77,7.20,51,59,81,49,8434
0.18,-0.11,1.03,12.31,5.73,7.19,248,35,64,18,8443
0.12,-0.05,1.00,12.37,5.84,7.20,170,201,216,178,8454
0.17,-0.02,1.02,12.58,6.10,7.27,75,26,212,196,8463
-0.02,-0.23,0.85,13.02,6.51,7.39,78,25,210,166,8473
-0.03,-0.04,1.68,13.24,6.19,7.38,111,198,195,91,8483
0.28,-0.23,1.09,13.44,5.99,7.42,63,108,244,164,8493
-0.09,-0.12,1.04,13.40,6.09,7.48,167,82,56,90,8503
0.16,-0.17,1.11,13.29,6.19,7.51,156,238,139,6,8513
0.16,-0.12,0.95,13.17,6.61,7.55,39,195,148,115,8523
0.06,-0.08,0.83,13.06,6.98,7.56,193,241,145,15,8533
0.22,-0.15,0.90,12.64,6.88,7.42,172,220,3,55,8543
0.25,-0.00,0.97,12.03,6.18,7.16,127,214,17,199,8553
0.01,-0.19,0.65,11.62,5.47,6.98,245,41,214,122,8563
0.21,-0.17,1.33,11.81,5.72,7.01,216,241,154,53,8573
0.23,-0.01,0.80,12.32,6.30,7.14,61,221,6,80,8582
0.16,-0.05,1.20,12.81,6.66,7.29,79,105,164,107,8592
75,91,199,110,8647
-0.02,-0.65,1.58,11.40,15.69,7.80,243,127,98,82,8657
0.38,-0.03,0.91,11.10,15.90,7.64,27,56,235,232,8667
-0.01,-0.21,0.69,10.68,16.24,7.55,77,6,219,150,8677
-0.06,0.03,0.95,10.84,16.83,7.64,47,78,81,194,8687
0.27,-0.17,0.99,10.84,17.11,7.77,47,245,201,191,8697
0.11,-0.36,0.92,10.47,16.69,7.64,183,252,164,249,8707
-0.05,0.31,0.98,9.92,15.63,7.39,241,42,69,147,8717
-0.05,-0.05,1.51,9.76,15.39,7.37,182,24,76,132,8727
0.31,0.10,0.91,9.85,15.44,7.46,111,113,52,2,8737
0.01,-0.10,0.81,9.83,15.40,7.53,53,104,84,53,8746
0.13,-0.03,0.93,9.78,15.45,7.52,198,144,193,225,8757
0.23,-0.11,1.17,9.45,15.36,7.49,243,85,215,180,8766
0.05,-0.10,0.97,9.24,15.71,7.53,181,101,69,162,8776
0.01,0.11,1.21,9.35,16.80,7.76,160,5,81,172,8786
0.14,-0.03,0.85,9.63,18.16,8.06,54,204,222,21,8796
0.13,-0.09,0.93,9.80,19.58,8.25,35,65,67,198,8806
0.29,-0.10,0.81,10.04,20.73,8.37,54,128,126,79,8816
0.21,-0.16,0.73,10.16,21.54,8.36,235,5,47,14,8826
0.25,-0.00,0.74,10.12,21.53,8.20,75,116,222,145,8836
0.28,-0.13,0.73,10.12,20.85,8.01,202,20,251,241,8846
0.17,-0.05,0.77,10.28,19.67,7.83,178,161,92,212,8856
0.06,-0.08,1.14,10.47,17.83,7.65,191,23,11,43,8866
-0.02,-0.07,1.19,10.84,15.92,7.55,139,148,83,17,8877
0.19,-0.04,1.74,11.71,15.68,7.72,73,93,3,76,8887
0.00,0.20,1.24,11.41,15.84,7.69,92,156,2,224,8897
0.13,-0.13,1.15,10.98,16.18,7.69,188,92,97,19,8908
0.04,0.05,1.05,10.92,16.94,7.83,154,220,45,237,8918
0.22,-0.07,0.90,10.81,17.72,8.07,207,84,211,241,8928
0.10,-0.06,0.85,10.79,18.50,8.28,233,251,181,159,8939
0.38,0.10,0.92,10.61,18.91,8.40,142,33,4,80,8949
0.13,0.06,0.88,10.33,19.01,8.44,106,162,244,66,8959
0.19,-0.15,0.91,10.11,18.75,8.37,41,219,112,220,8970
0.05,0.13,0.81,9.78,17.84,8.11,30,115,226,70,8980
0.13,0.11,1.05,9.14,16.28,7.72,246,52,28,137,8990
0.19,-0.13,1.25,9.34,15.24,7.58,223,161,241,92,9001
0.33,-0.08,0.92,10.45,15.54,7.83,115,61,209,144,9011
-0.07,-0.42,0.31,11.77,15.89,8.30,160,170,36,221,9022
0.14,-0.29,0.50,11.76,15.66,8.25,158,57,54,134,9032
240,230,18,125,9088
0.33,-0.15,0.98,8.99,18.69,7.81,232,63,242,65,9097
0.24,-0.07,0.90,8.65,19.90,7.71,47,97,6,38,9107
0.30,0.04,0.65,8.71,20.99,7.71,53,241,206,119,9117
0.32,0.00,0.61,9.26,22.39,7.95,247,174,245,236,9127
0.25,-0.26,0.39,10.15,23.47,8.35,64,202,215,241,9137
0.24,0.21,1.34,10.10,22.97,8.29,131,161,62,105,9147
0.35,-0.02,0.80,9.79,21.22,8.07,253,236,223,218,9157
0.20,-0.27,1.37,9.49,19.47,7.76,48,229,103,174,9167
0.27,0.12,1.04,9.31,17.57,7.55,162,17,131,162,9177
0.12,-0.04,1.17,9.37,16.94,7.57,208,25,40,105,9187
0.32,-0.09,0.88,10.00,17.02,7.79,106,36,207,190,9197
0.20,-0.12,1.00,10.44,17.22,8.01,69,73,95,224,9207
0.34,-0.02,0.91,10.71,16.87,8.08,94,104,122,172,9217
0.09,-0.18,1.05,10.62,16.24,7.98,254,184,93,61,9227
0.17,-0.06,1.02,10.52,15.22,7.76,207,67,76,167,9237
0.09,-0.16,0.98,10.08,14.19,7.43,245,211,21,91,9247
0.21,0.01,0.79,9.89,13.13,7.12,236,182,191,41,9256
0.09,0.00,0.96,9.80,12.08,6.83,134,232,249,197,9266
0.23,0.03,0.66,9.98,10.97,6.59,213,44,170,150,9276
-0.02,-0.10,1.17,10.56,10.65,6.58,210,104,200,45,9287
0.08,-0.17,0.80,11.82,10.70,6.81,67,135,248,117,9297
-0.21,-0.25,0.05,12.98,10.30,7.09,59,122,174,29,9308
0.08,-0.23,1.59,12.63,9.07,6.84,254,15,172,234,9318
-0.02,-0.12,1.10,12.82,8.02,6.82,56,74,11,71,9328
-0.15,-0.27,1.02,12.98,8.32,6.98,90,29,171,48,9338
0.05,0.15,1.24,13.02,8.23,7.00,174,174,67,115,9349
-0.09,-0.11,1.08,12.73,8.02,7.02,39,74,129,49,9359
0.09,-0.05,0.96,12.53,7.79,7.01,39,230,220,134,9369
0.23,0.04,1.16,12.35,7.84,7.09,156,166,111,218,9380
0.01,-0.04,0.88,12.54,8.57,7.34,60,191,87,212,9390
0.01,-0.25,1.08,13.02,9.68,7.70,209,104,29,240,9400
0.32,0.08,1.17,13.09,10.17,7.85,248,239,167,236,9411
0.22,-0.16,0.86,12.72,10.44,7.86,48,229,232,137,9421
0.25,-0.08,0.87,12.59,10.66,7.85,88,151,174,214,9432
0.08,0.07,0.97,12.52,11.09,7.95,211,99,23,169,9442
0.00,-0.24,0.93,12.80,11.81,8.23,91,235,146,101,9453
0.25,-0.17,1.17,12.89,12.25,8.41,137,75,86,244,9463
173,203,100,253,9522
0.06,-0.15,1.11,13.99,14.10,9.46,156,96,156,84,9532
0.19,-0.07,0.91,14.43,15.00,9.73,141,250,34,149,9542
0.08,-0.12,0.94,14.60,15.81,10.00,251,234,37,175,9552
0.16,-0.03,0.99,14.92,16.59,10.29,70,14,250,230,9562
0.11,-0.17,1.10,15.30,17.50,10.61,145,141,35,26,9572
0.06,-0.13,0.92,15.56,18.14,10.80,65,193,61,94,9582
0.14,-0.18,1.10,15.41,18.64,10.80,195,187,208,247,9592
0.30,-0.11,1.07,15.07,19.24,10.75,3,172,113,237,9602
0.26,-0.12,0.76,14.51,19.88,10.62,215,127,202,65,9612
0.26,0.02,0.85,13.71,20.03,10.33,66,138,71,209,9622
0.21,0.06,0.68,13.16,19.76,10.06,219,114,169,100,9632
0.18,0.07,0.71,13.19,20.01,10.01,217,30,106,226,9642
0.50,0.20,1.17,13.88,20.65,10.16,148,68,235,20,9652
0.18,-0.35,0.86,14.67,20.65,10.27,26,143,252,117,9663
0.13,-0.27,1.11,15.11,19.92,10.16,49,52,222,169,9673
0.31,-0.16,0.94,15.31,18.68,9.89,204,247,106,239,9683
0.12,-0.36,0.91,14.98,17.34,9.47,191,28,108,122,9693
0.32,-0.01,1.25,14.26,14.99,8.85,228,68,19,217,9703
0.03,-0.04,0.77,13.80,12.68,8.39,145,172,194,73,9713
168,161,164,50,9768
16,45,50,35,9770
141,91,116,161,9772
0.29,-0.16,1.04,15.71,16.45,10.30,160,243,135,163,9783
0.19,-0.03,0.98,15.64,16.50,10.28,53,71,9,33,9792
0.10,-0.09,1.09,15.53,16.35,10.22,110,41,159,105,9803
0.22,-0.11,1.07,15.37,16.13,10.09,149,19,246,29,9813
0.24,0.01,0.81,15.06,15.93,9.87,195,143,249,59,9823
0.14,-0.05,0.84,14.79,15.59,9.64,252,173,123,164,9833
0.20,-0.06,0.84,14.83,15.19,9.51,180,69,3,13,9843
0.16,-0.03,0.86,15.26,15.00,9.57,19,36,212,78,9852
0.07,-0.27,0.68,15.95,14.69,9.75,220,84,57,78,9862
0.09,0.09,1.15,16.02,13.92,9.69,163,195,106,161,9872
0.18,-0.25,1.32,16.00,13.15,9.62,55,154,228,129,9882
0.12,-0.08,1.19,16.31,12.77,9.72,150,48,60,41,9892
0.10,-0.11,1.16,16.11,12.66,9.66,247,92,220,177,9902
0.11,-0.11,1.12,16.08,13.06,9.69,96,250,52,173,9912
0.10,-0.11,1.10,16.05,13.88,9.77,244,201,8,130,9922
0.23,-0.05,0.97,15.91,14.80,9.82,223,24,59,9,9932
0.27,-0.06,0.73,15.82,15.67,9.90,246,47,110,53,9942
0.22,-0.14,0.87,15.68,16.12,9.90,36,212,236,31,9952
0.21,-0.02,0.93,15.72,16.04,9.93,156,15,174,194,9962
0.26,-0.14,0.83,15.95,15.90,10.06,61,64,154,37,9972
0.22,-0.17,1.17,15.96,15.55,10.09,55,164,148,22,9983
0.21,-0.08,0.90,15.85,14.99,10.08,166,138,85,88,9993
0.11,-0.19,0.99,15.72,14.47,10.08,77,79,165,251,10004
0.23,-0.06,0.98,15.61,13.85,10.11,217,88,45,3,10014
0.26,0.01,0.96,15.51,13.24,10.18,203,22,12,74,10025
0.21,-0.04,0.86,15.66,12.83,10.39,231,199,201,26,10035
0.38,-0.22,1.37,16.22,12.76,10.76,237,218,143,141,10046
-0.01,-0.16,0.74,16.84,12.76,11.08,22,84,194,185,10057
-0.22,-0.01,1.15,16.61,12.56,10.98,129,211,146,234,10067
0.42,-0.04,1.27,16.23,12.13,10.77,113,193,169,116,10078
0.07,0.26,0.93,15.61,12.09,10.55,170,200,179,89,10089
0.12,-0.01,0.92,14.87,12.17,10.38,77,157,158,37,10099
0.22,0.16,0.95,15.02,13.12,10.49,101,48,122,165,10110
0.06,-0.24,0.84,15.87,14.74,10.90,199,216,85,238,10121
-0.19,-0.36,0.11,16.76,15.69,11.29,217,130,195,169,10131
0.14,-0.21,1.09,16.41,15.81,11.15,127,217,110,181,10142
30,211,52,56,10200
0.43,-0.10,1.13,17.24,15.72,11.30,107,39,94,43,10210
-0.03,-0.05,0.96,17.04,15.83,11.44,86,155,12,207,10221
0.13,0.15,0.89,17.09,15.91,11.66,17,71,211,203,10231
0.22,-0.48,1.38,17.46,16.29,12.06,198,231,143,16,10241
0.04,0.09,0.86,17.71,16.27,12.25,24,239,226,54,10251
0.25,-0.31,1.57,17.13,15.60,12.02,55,20,100,215,10261
0.18,-0.17,1.07,16.72,14.75,11.69,141,93,170,242,10271
-0.08,-0.08,0.77,16.38,15.00,11.59,32,166,101,61,10281
-0.06,-0.03,1.00,16.16,15.03,11.57,84,67,115,101,10292
0.20,0.02,0.89,16.46,15.59,11.71,10,144,212,2,10302
0.20,-0.08,1.02,16.90,16.52,11.97,68,4,178,24,10312
0.17,-0.17,0.79,17.14,17.00,12.04,93,235,99,92,10322
0.14,-0.26,0.75,17.11,16.73,11.83,7,45,33,65,10331
-0.18,0.23,1.80,16.51,15.38,11.30,19,226,14,221,10341
0.08,0.11,0.53,16.26,14.18,10.94,204,169,203,216,10352
-0.03,-0.42,0.65,16.07,14.73,10.99,3,10,233,133,10362
0.14,0.12,0.86,16.21,14.79,11.10,1,165,69,249,10372
0.38,-0.07,0.68,16.17,14.97,11.22,226,25,193,119,10382
0.12,0.05,0.76,16.45,14.82,11.38,29,231,31,49,10392
204,213,71,145,10448
196,207,51,214,10450
0.23,-0.06,0.88,17.90,19.09,12.27,9,91,214,186,10460
0.39,-0.04,1.11,17.87,19.97,12.39,23,160,8,132,10470
0.25,-0.01,0.96,17.53,20.37,12.37,79,226,35,20,10480
0.30,-0.02,0.86,17.24,20.14,12.22,51,123,129,96,10491
0.24,0.04,0.92,17.01,19.58,12.06,16,131,136,9,10500
0.17,0.06,0.76,17.07,18.90,11.97,202,210,216,83,10511
-0.04,0.02,1.01,17.53,18.43,12.02,36,22,237,140,10521
0.17,-0.04,0.61,18.58,18.08,12.24,140,50,75,49,10531
-0.04,0.08,0.82,19.59,17.53,12.51,196,241,55,203,10541
0.34,0.07,1.56,19.78,15.91,12.33,165,139,247,135,10551
-0.03,0.03,0.82,19.69,14.07,12.06,72,71,75,149,10561
-0.07,-0.13,0.94,19.96,12.04,11.80,155,236,112,165,10571
0.07,-0.09,2.00,20.54,10.11,11.67,91,199,58,47,10581
-0.07,-0.20,1.19,20.88,9.53,11.68,180,38,177,156,10592
0.32,0.11,1.44,20.27,9.98,11.43,199,108,253,76,10602
0.42,-0.09,0.87,19.77,9.83,11.17,118,8,119,80,10612
0.46,-0.06,1.04,19.68,10.11,11.13,12,128,121,151,10622
0.18,-0.16,0.98,19.96,10.41,11.27,139,29,150,231,10632
0.03,-0.11,1.05,20.34,10.34,11.36,102,149,29,62,10642
0.02,-0.36,1.13,20.13,10.41,11.33,58,71,101,177,10653
0.23,-0.10,1.01,19.74,10.64,11.26,190,138,113,7,10663
0.10,-0.17,1.00,19.50,11.32,11.33,155,66,57,82,10674
0.32,0.03,0.87,19.51,12.53,11.61,14,251,90,13,10684
0.38,-0.28,1.10,19.68,13.75,12.00,204,122,16,169,10695
0.24,-0.26,0.96,19.69,14.70,12.31,248,163,122,183,10706
-0.04,-0.13,0.92,19.47,15.39,12.47,196,227,180,194,10716
0.11,0.05,1.01,19.09,16.06,12.53,70,72,166,140,10727
0.26,-0.17,0.90,18.70,16.81,12.58,69,196,186,58,10737
0.12,-0.13,0.85,18.43,17.52,12.61,146,84,159,228,10748
0.35,0.02,0.93,18.23,18.06,12.65,188,213,177,210,10759
0.20,0.06,0.77,18.14,18.53,12.70,6,199,20,240,10769
0.19,0.02,0.77,18.29,18.91,12.79,134,161,52,109,10780
0.27,-0.01,0.83,18.82,19.31,12.99,185,83,80,196,10790
0.35,-0.22,0.53,19.39,19.21,13.15,60,186,175,152,10801
0.21,0.04,1.15,19.29,18.14,12.96,129,81,94,208,10811
0.34,-0.10,0.97,18.79,15.78,12.50,4,15,157,23,10822
186,234,153,226,10880
0.18,0.01,0.86,19.55,12.66,12.25,195,178,181,22,10890
0.33,0.05,0.98,19.49,13.45,12.32,212,243,220,5,10900
0.20,0.09,0.89,19.69,14.30,12.44,58,13,97,106,10910
0.17,0.07,1.00,20.14,15.17,12.68,190,34,202,241,10920
0.38,-0.17,0.88,20.91,16.02,13.03,16,121,194,100,10930
0.21,0.18,1.33,21.03,16.23,13.09,194,204,119,189,10940
0.13,-0.13,0.67,20.50,15.98,12.86,182,110,216,82,10951
0.34,-0.07,1.06,20.44,15.35,12.65,187,24,168,140,10961
0.23,-0.09,0.80,20.18,14.22,12.43,79,32,195,183,10971
0.22,-0.21,0.80,19.94,12.83,12.14,190,237,130,234,10981
0.16,0.06,0.98,19.60,11.38,11.91,53,232,224,90,10991
0.24,-0.15,0.91,19.67,10.04,11.82,93,135,55,50,11001
0.28,-0.07,1.02,20.27,8.94,11.83,90,108,216,103,11012
0.10,-0.08,1.13,20.66,7.85,11.87,58,171,78,175,11022
0.12,0.01,0.95,20.95,6.85,11.85,142,112,130,29,11032
0.17,-0.11,1.20,21.37,6.35,11.95,117,141,163,55,11042
-0.08,-0.27,0.62,21.98,5.98,12.11,151,183,198,63,11052
0.13,-0.22,1.13,21.89,5.37,12.07,45,145,72,153,11062
127,242,96,152,11118
16,70,149,191,11120
0.17,-0.19,0.97,21.77,6.56,12.40,248,66,133,239,11130
0.14,-0.09,0.88,21.52,7.68,12.36,82,59,52,128,11140
0.19,0.00,1.13,20.93,8.07,12.18,199,47,22,207,11150
0.16,-0.11,0.90,20.57,8.65,12.06,239,17,182,88,11160
0.21,0.01,0.73,20.53,9.76,12.14,141,238,42,132,11170
0.21,-0.07,0.84,20.74,11.01,12.33,106,121,91,91,11181
0.23,-0.13,0.72,21.27,11.73,12.51,142,47,94,34,11191
0.17,-0.03,0.96,21.60,12.04,12.63,61,18,120,36,11201
0.23,-0.01,0.88,21.86,11.97,12.67,221,211,181,149,11211
0.12,-0.38,1.20,22.37,12.13,12.83,182,167,116,95,11221
0.54,0.01,1.27,22.75,11.76,12.89,136,54,34,109,11231
-0.03,-0.22,0.72,22.05,11.14,12.64,241,160,53,247,11242
0.48,0.11,0.98,21.70,9.93,12.31,42,151,148,217,11252
0.11,0.34,0.68,21.26,9.03,12.09,151,241,156,57,11262
0.19,0.05,0.90,21.27,8.18,11.96,188,186,226,147,11272
0.08,-0.10,0.79,21.84,7.74,12.05,222,252,123,90,11282
0.14,-0.19,0.68,22.90,7.42,12.31,74,1,164,220,11292
0.04,0.28,1.33,23.00,6.09,12.21,245,188,135,176,11302
0.31,-0.17,1.20,22.74,4.26,12.03,99,62,228,92,11313
-0.25,-0.26,1.31,23.10,3.21,12.03,136,178,103,212,11324
0.15,-0.13,1.21,23.37,2.33,12.04,200,253,144,72,11334
0.16,-0.07,1.07,23.20,1.96,11.99,57,174,35,34,11345
0.13,-0.11,0.95,23.35,1.99,12.06,153,35,107,67,11355
0.06,-0.08,0.97,23.35,2.09,12.07,112,89,138,174,11366
0.11,-0.17,1.07,23.23,2.04,12.01,48,63,247,110,11376
0.14,-0.19,1.17,23.10,1.95,11.94,183,134,248,225,11387
0.11,-0.27,1.02,22.65,1.88,11.85,178,50,136,143,11398
0.30,-0.20,1.14,21.83,1.50,11.69,96,197,102,36,11408
0.02,0.02,0.86,21.21,1.28,11.62,143,15,29,97,11419
0.08,0.17,0.87,20.93,1.55,11.67,81,96,231,223,11429
-0.04,-0.00,0.87,21.19,2.73,11.93,94,160,207,112,11440
0.20,-0.08,0.83,22.04,4.55,12.33,15,49,143,151,11450
-0.26,-0.29,1.30,22.98,6.26,12.80,105,190,17,200,11461
0.38,-0.03,1.44,22.97,7.02,12.89,1,92,224,139,11471
0.21,-0.25,0.66,22.44,7.76,12.90,245,60,188,26,11482
0.40,-0.14,1.06,21.98,7.92,12.84,53,136,72,75,11492
162,165,249,102,11548
0.16,-0.06,0.97,23.03,4.27,12.79,88,13,57,242,11558
0.18,-0.21,0.95,22.84,5.22,12.83,203,196,103,93,11568
0.31,-0.09,0.89,22.50,5.65,12.74,81,165,208,18,11578
0.12,0.01,1.12,21.47,5.19,12.36,174,120,170,116,11588
0.09,0.11,0.87,20.45,3.93,11.91,21,75,175,129,11598
0.26,0.11,0.85,20.21,3.39,11.75,86,81,129,224,11608
0.16,0.00,0.78,20.58,4.18,11.91,253,45,151,209,11618
0.73,-0.26,1.21,21.87,5.52,12.30,234,172,230,81,11628
-0.07,-0.25,0.50,23.10,5.91,12.72,145,20,213,178,11639
0.40,-0.05,1.61,22.66,5.30,12.48,29,172,46,223,11649
0.21,-0.18,0.62,22.30,4.26,12.23,241,160,194,172,11659
0.07,-0.26,1.18,21.99,3.25,11.95,139,248,37,180,11669
0.27,0.13,1.03,21.71,1.71,11.72,7,75,57,155,11679
0.13,-0.14,0.97,21.50,0.68,11.61,241,65,142,46,11689
0.16,0.12,1.05,21.85,0.05,11.66,54,54,194,144,11699
0.02,-0.03,1.00,22.43,0.17,11.89,3,127,243,239,11709
-0.06,-0.05,0.92,23.15,0.78,12.22,125,77,5,23,11719
0.30,-0.10,1.50,23.23,0.95,12.30,141,188,97,208,11729
0.11,-0.30,0.87,22.82,1.22,12.29,83,30,206,7,11739
0.14,-0.13,1.08,22.69,1.50,12.30,71,23,178,241,11750
0.32,-0.01,1.17,22.25,1.47,12.27,31,210,207,232,11761
0.19,0.07,1.03,21.29,0.59,12.06,184,86,117,88,11771
0.02,0.11,0.87,20.59,-0.73,11.78,77,131,174,106,11781
0.22,0.00,1.11,20.48,-0.89,11.75,135,132,52,104,11792
0.03,-0.08,0.93,20.60,0.25,11.97,46,52,62,113,11802

