Timestamp,compactImu.a_xyz,compactImu.l_xyz,motorCompact.pwms,stabilizer.pitch,stabilizer.roll,stabilizer.thrust,stabilizer.yaw
47834,536346111,641203712,0,0.5623640418052673,-0.1404307782649994,0,3.5592947006225586
47844,536346111,641203712,0,0.5625255107879639,-0.1410660296678543,0,3.5596914291381836
47854,536346111,641203712,0,0.5632733702659607,-0.14072734117507935,0,3.560131549835205
47864,536346111,641203712,0,0.5639106035232544,-0.14199243485927582,0,3.559304714202881
47874,536346111,641203712,0,0.5631497502326965,-0.14097344875335693,0,3.55928111076355
47884,536346111,641203712,0,0.562981903553009,-0.14145208895206451,0,3.5588557720184326
47894,536346111,642252288,0,0.5631018877029419,-0.14164800941944122,0,3.558286428451538
47904,536345087,641203712,0,0.5632092356681824,-0.14235354959964752,0,3.5596084594726562
47914,536346111,641203712,0,0.5642304420471191,-0.1424969583749771,0,3.5599935054779053
47924,536346111,641203712,0,0.5643085241317749,-0.14256206154823303,0,3.5601699352264404
47934,536346111,642252288,0,0.5642107725143433,-0.14270587265491486,0,3.560753345489502
47944,536346111,641203712,0,0.5650537610054016,-0.14338669180870056,0,3.5602810382843018
47954,536346111,641203712,0,0.5650950074195862,-0.145132914185524,0,3.5600502490997314
47964,536346111,641202688,0,0.5651065707206726,-0.14503026008605957,0,3.5600738525390625
47974,536346111,641203712,0,0.5648791193962097,-0.14482243359088898,0,3.560523271560669
47984,536346111,641203712,0,0.565040647983551,-0.1438065618276596,0,3.560246229171753
47994,536346111,641203712,0,0.5656473636627197,-0.14321143925189972,0,3.5620503425598145
48004,536346111,641203712,0,0.5661374926567078,-0.14251865446567535,0,3.562330484390259
48014,536346111,641203712,0,0.5672988891601562,-0.1426786482334137,0,3.561931610107422
48024,536346111,641203712,0,0.5673181414604187,-0.1436774581670761,0,3.562058210372925
48034,536346111,641203712,0,0.5676732659339905,-0.14316561818122864,0,3.5633652210235596
48044,536346111,641203712,0,0.5675186514854431,-0.143090158700943,0,3.56318736076355
48054,536346111,641203712,0,0.567431628704071,-0.14358116686344147,0,3.5634822845458984
48064,536346111,641203712,0,0.567223846912384,-0.14414529502391815,0,3.5637946128845215
48074,536346111,641203712,0,0.5675656795501709,-0.1451227217912674,0,3.5648033618927
48084,536346111,641203712,0,0.5673693418502808,-0.14537331461906433,0,3.564912796020508
48094,536346111,641203712,0,0.5667372941970825,-0.14463241398334503,0,3.5655038356781006
48104,536346111,641203712,0,0.5662624835968018,-0.1442866325378418,0,3.5656373500823975
48114,536346111,641203712,0,0.5665610432624817,-0.14448416233062744,0,3.56613826751709
48124,536346111,641203712,0,0.5669432282447815,-0.14465072751045227,0,3.5655970573425293
48134,536346111,641203712,0,0.5667514204978943,-0.14451605081558228,0,3.565946340560913
48144,536346111,641203712,0,0.5667093396186829,-0.14490072429180145,0,3.5663740634918213
48154,536346111,641203712,0,0.5676538348197937,-0.1446988731622696,0,3.566315174102783
48164,536345087,641203712,0,0.5683033466339111,-0.14552542567253113,0,3.5667402744293213
48174,536346111,641203712,0,0.568561851978302,-0.1451151967048645,0,3.5665080547332764
48184,536346111,641202688,0,0.5687664747238159,-0.14536677300930023,0,3.5673651695251465
48194,536346111,641202688,0,0.5683842897415161,-0.14676232635974884,0,3.567181348800659
48204,536346111,641203712,0,0.5690913796424866,-0.14708299934864044,0,3.567366123199463
48214,536346111,642251264,0,0.5689263343811035,-0.14729899168014526,0,3.5685722827911377
48224,536346111,642252288,0,0.5687655806541443,-0.14842262864112854,0,3.5692427158355713
48234,536346111,641203712,0,0.5691962838172913,-0.1479700356721878,0,3.5697901248931885
48244,536346111,641203712,0,0.5691057443618774,-0.14695192873477936,0,3.570554494857788
48254,536346111,641203712,0,0.5692209005355835,-0.14647193253040314,0,3.5714497566223145
48264,536346111,641203712,0,0.5694083571434021,-0.14677035808563232,0,3.572445869445801
48274,536346111,641203712,0,0.5693108439445496,-0.1469428986310959,0,3.5742015838623047
48284,536346111,641203712,0,0.5693042874336243,-0.1468706876039505,0,3.5739200115203857
48294,536346111,642252288,0,0.569064199924469,-0.14769580960273743,0,3.5744521617889404
48304,536346111,641202688,0,0.5686919093132019,-0.14848390221595764,0,3.5742197036743164
48314,536346111,641203712,0,0.5688111782073975,-0.14855709671974182,0,3.574068546295166
48324,536346111,641203712,0,0.5694783926010132,-0.14955192804336548,0,3.5736544132232666
48334,536346111,641203712,0,0.5708991289138794,-0.14907389879226685,0,3.5721821784973145
48344,536346111,641203712,0,0.5706117749214172,-0.14900363981723785,0,3.572599172592163
48354,536346111,641203712,0,0.5711554884910583,-0.1491008698940277,0,3.57297420501709
48364,536346111,641203712,0,0.5711824297904968,-0.14910677075386047,0,3.573150634765625
48374,536346111,641203712,0,0.5716328620910645,-0.14993290603160858,0,3.57322096824646
48384,536346111,641203712,0,0.5710350871086121,-0.14926950633525848,0,3.5737974643707275
48394,536346111,641203712,0,0.5708759427070618,-0.15009930729866028,0,3.57384991645813
48404,536346111,641203712,0,0.5706861615180969,-0.15046609938144684,0,3.573402166366577
48414,536346111,641203712,0,0.5706160068511963,-0.1501331478357315,0,3.573878765106201
48424,536346111,642252288,0,0.5705617070198059,-0.15005996823310852,0,3.5742709636688232
48434,536346111,641203712,0,0.5704218149185181,-0.14977087080478668,0,3.574448585510254
48444,536346111,642252288,0,0.5703805685043335,-0.15040722489356995,0,3.5745465755462646
48454,536346111,641203712,0,0.5691949725151062,-0.15021105110645294,0,3.5746612548828125
48464,536346111,641203712,0,0.5692857503890991,-0.15008601546287537,0,3.575207471847534
48474,536346111,641203712,0,0.5696055293083191,-0.1503850370645523,0,3.5762147903442383
48484,536346111,641203712,0,0.5703834891319275,-0.1507311761379242,0,3.5761570930480957
48494,536346111,641203712,0,0.5702672004699707,-0.1507408320903778,0,3.5770740509033203
48504,536346111,641203712,0,0.570184051990509,-0.15098734200000763,0,3.5775275230407715
48514,536346111,641203712,0,0.5686671733856201,-0.1507953405380249,0,3.577406883239746
48524,536346111,641203712,0,0.5689079761505127,-0.15141862630844116,0,3.577073097229004
48534,536346111,641203712,0,0.5691425800323486,-0.1510900855064392,0,3.578613519668579
48544,536346111,641203712,0,0.5690096616744995,-0.1509132981300354,0,3.5784637928009033
48554,536346111,641203712,0,0.5694284439086914,-0.1506125032901764,0,3.5794925689697266
48564,536346111,641203712,0,0.5690793395042419,-0.15071558952331543,0,3.5798540115356445
48574,536346111,641203712,0,0.5692870020866394,-0.15115460753440857,0,3.5790021419525146
48584,536346111,641203712,0,0.5694193243980408,-0.14998191595077515,0,3.578948497772217
48594,536346111,641203712,0,0.5688282251358032,-0.14868353307247162,0,3.579775810241699
48604,536346111,641203712,0,0.5682337880134583,-0.1481413096189499,0,3.580657958984375
48614,536346111,641203712,0,0.5679895877838135,-0.1479550153017044,0,3.5822267532348633
48624,536346111,641203712,0,0.5669922232627869,-0.14814099669456482,0,3.5831189155578613
48634,536346111,641203712,0,0.5657522678375244,-0.1492355316877365,0,3.583322286605835
48644,536346111,641203712,0,0.5657100081443787,-0.14918182790279388,0,3.5826756954193115
48654,536346111,642252288,0,0.5646851062774658,-0.14986871182918549,0,3.582967758178711
48664,536346111,641203712,0,0.564124345779419,-0.15018843114376068,0,3.5826034545898438
48674,536346111,641203712,0,0.5637311339378357,-0.15081505477428436,0,3.5825562477111816
48684,536346111,641203712,0,0.5637568831443787,-0.15168295800685883,0,3.5830485820770264
48694,536346111,642252288,0,0.5623884797096252,-0.15155014395713806,0,3.582984685897827
48704,536346111,641203712,0,0.5615752339363098,-0.1524045765399933,0,3.583808660507202
48714,536346111,641203712,0,0.5611662268638611,-0.15353739261627197,0,3.5849454402923584
48724,536346111,641203712,0,0.5604689121246338,-0.15334461629390717,0,3.5850014686584473
48734,536346111,641203712,0,0.559805691242218,-0.1531277745962143,0,3.585947275161743
48744,536346111,641203712,0,0.559367835521698,-0.1532357782125473,0,3.5860421657562256
48754,536346111,641203712,0,0.5583038330078125,-0.15330874919891357,0,3.5861997604370117
48764,536346111,641203712,0,0.5579703450202942,-0.15347567200660706,0,3.5871217250823975
48774,536346111,641203712,0,0.5577852725982666,-0.1537083387374878,0,3.588710308074951
48784,536346111,641203712,0,0.5580840706825256,-0.1538909375667572,0,3.5889945030212402
48794,536346111,641203712,0,0.5574352145195007,-0.1541261076927185,0,3.5887973308563232
48804,536346111,641203712,0,0.5574997067451477,-0.1544719785451889,0,3.5884361267089844
48814,536346111,641203712,0,0.5581323504447937,-0.15273748338222504,0,3.5884921550750732
48824,536346111,641203712,0,0.5582907199859619,-0.15244869887828827,0,3.588688373565674
48834,536346111,642252288,0,0.5583119988441467,-0.152653768658638,0,3.5882372856140137
48844,536346111,641202688,0,0.5580984354019165,-0.15364356338977814,0,3.588763475418091
48854,536346111,641203712,0,0.557638943195343,-0.1541251540184021,0,3.5895047187805176
48864,536345087,641203712,0,0.5581641793251038,-0.15438587963581085,0,3.589759111404419
48874,536346111,641203712,0,0.5587983727455139,-0.1541193723678589,0,3.5895161628723145
48884,536346111,642252288,0,0.5583623051643372,-0.15445682406425476,0,3.5892977714538574
48894,536346111,641203712,0,0.5585387349128723,-0.15536239743232727,0,3.588685989379883
48904,536346111,641203712,0,0.5595175623893738,-0.15527929365634918,0,3.589073896408081
48914,536346111,641203712,0,0.5600187182426453,-0.15488281846046448,0,3.5898053646087646
48924,536346111,641203712,0,0.5599279999732971,-0.1543542593717575,0,3.590132474899292
48934,536346111,641203712,0,0.5598989129066467,-0.1541568785905838,0,3.590543746948242
48944,536345087,641203712,0,0.5610594749450684,-0.15445087850093842,0,3.590339422225952
48954,536346111,641203712,0,0.5619363188743591,-0.154530331492424,0,3.591273546218872
48964,536346111,642251264,0,0.5630603432655334,-0.1555207520723343,0,3.5921225547790527
48974,536346111,641202688,0,0.5629755854606628,-0.1561647206544876,0,3.5932207107543945
48984,536346111,641203712,0,0.5637378096580505,-0.1560899168252945,0,3.5934031009674072
48994,536346111,642252288,0,0.5628858208656311,-0.1555250883102417,0,3.5931313037872314
49004,536346111,641203712,0,0.5625715255737305,-0.15501569211483002,0,3.5934834480285645
49014,536346111,641203712,0,0.5624352693557739,-0.15545621514320374,0,3.5931997299194336
49024,536346111,641203712,0,0.5619516968727112,-0.1548527628183365,0,3.593259572982788
49034,536346111,641203712,0,0.5615832209587097,-0.15467873215675354,0,3.594066619873047
49044,536346111,641203712,0,0.5613828897476196,-0.15496772527694702,0,3.5940537452697754
49054,536346111,641203712,0,0.5605536103248596,-0.15435242652893066,0,3.5954387187957764
49064,536346111,641202688,0,0.5606083869934082,-0.15362237393856049,0,3.5950183868408203
49074,536346111,641203712,0,0.5610547065734863,-0.1531093567609787,0,3.595282554626465
49084,536346111,641203712,0,0.5621961355209351,-0.15242378413677216,0,3.5949854850769043
49094,536346111,641203712,0,0.563351571559906,-0.1511802226305008,0,3.595966100692749
49104,536346111,641203712,0,0.5634959936141968,-0.1509421318769455,0,3.5954952239990234
49114,536346111,641203712,0,0.5629388093948364,-0.15000927448272705,0,3.596259593963623
49124,536346111,641203712,0,0.5629886388778687,-0.14984305202960968,0,3.596536874771118
49134,536346111,641203712,0,0.5608854293823242,-0.1495433896780014,0,3.5961062908172607
49144,536346111,641203712,0,0.5602869391441345,-0.1490294337272644,0,3.5961482524871826
49154,536346111,641202688,0,0.5591760277748108,-0.1497102528810501,0,3.5966649055480957
49164,536346111,641203712,0,0.5591157078742981,-0.1497570127248764,0,3.5965347290039062
49174,536346111,641203712,0,0.5583598017692566,-0.14902274310588837,0,3.5960798263549805
49184,536346111,641203712,0,0.5586994886398315,-0.14786405861377716,0,3.5957372188568115
49194,536346111,641203712,0,0.5592283010482788,-0.14747394621372223,0,3.5947084426879883
49204,536346111,641203712,0,0.5591228604316711,-0.1479804962873459,0,3.594475030899048
49214,536346111,641203712,0,0.5585916638374329,-0.1486690789461136,0,3.594256639480591
49224,531095039,638060038,0,0.5675327777862549,-0.14807435870170593,0,3.5920488834381104
49234,516419072,646448651,0,0.6619357466697693,-0.11635936796665192,0,3.4705049991607666
49244,497549822,648537619,0,0.7283743619918823,-0.11763937026262283,0,3.3083784580230713
49254,498606584,637007357,0,0.6766475439071655,-0.12785255908966064,0,2.978013038635254
49264,527955455,635960817,0,0.6230592727661133,-0.15873809158802032,0,2.875696897506714
49274,524809728,645396984,0,0.613373875617981,-0.1329205483198166,0,2.8000125885009766
49284,530050560,644347391,0,0.6094889640808105,-0.13710442185401917,0,2.7552218437194824
49294,515372543,647496199,0,0.6535468101501465,-0.120912566781044,0,2.639253854751587
49304,515373567,646446597,0,0.6673787236213684,-0.12094126641750336,0,2.5266201496124268
49314,509084159,644349442,0,0.6663025617599487,-0.11737006902694702,0,2.3255465030670166
49324,515375614,643298814,0,0.661003828048706,-0.12088251858949661,0,2.188349485397339
49334,527956479,641201659,0,0.6453578472137451,-0.13111945986747742,0,2.0731089115142822
49344,536346111,640153083,0,0.6371487975120544,-0.1333356350660324,0,2.0570054054260254
49354,533196288,638057983,0,0.6388162970542908,-0.12850940227508545,0,2.057772159576416
49364,522712575,639107583,0,0.6533847451210022,-0.12124799937009811,0,2.0012969970703125
49374,530054655,640154113,0,0.6603039503097534,-0.11444798111915588,0,1.9284425973892212
49384,532153854,642252288,0,0.6487647891044617,-0.11920864135026932,0,1.906485915184021
49394,523763199,642251266,0,0.6422929167747498,-0.1181660071015358,0,1.8414419889450073
49404,518518270,641200639,0,0.6534711718559265,-0.11933626234531403,0,1.75624418258667
49414,521663999,641200633,0,0.6520536541938782,-0.1286008358001709,0,1.6335747241973877
49424,501741055,642246137,0,0.650687038898468,-0.13089783489704132,0,1.5207494497299194
49434,476576255,641186292,0,0.6391603350639343,-0.1501801609992981,0,1.1328092813491821
49444,443024894,643283452,0,0.6094987392425537,-0.18581852316856384,0,0.7324744462966919
49454,422054398,644336133,0,0.5940962433815002,-0.22425921261310577,0,-0.10892485827207565
49464,398983678,643290636,0,0.6006516814231873,-0.2376471608877182,0,-0.7860899567604065
49474,366477824,642250248,0,0.6186152100563049,-0.2366325408220291,0,-2.033278465270996
49484,342362622,639117823,0,0.6135368943214417,-0.22069014608860016,0,-3.022611141204834
49494,326631934,641230341,0,0.6098646521568298,-0.1540161371231079,0,-4.656162738800049
49504,337126911,649615881,0,0.6026503443717957,-0.09780043363571167,0,-5.7738165855407715
49514,377040393,670569983,0,0.2501298487186432,0.009015372022986412,0,-7.211568355560303
49524,406421042,674743799,0,-0.3019621968269348,0.12139367312192917,0,-7.974443435668945
49534,429484669,682080766,0,-1.093826174736023,0.8364071846008301,0,-8.922698974609375
49544,429486771,669505027,0,-1.6004140377044678,1.7013967037200928,0,-9.455623626708984
49554,395934409,652737022,0,-2.4140918254852295,3.275940418243408,0,-10.413407325744629
49564,362384099,654842356,0,-3.0284905433654785,4.437326908111572,0,-11.245706558227539
49574,379130651,655902203,0,-3.8668832778930664,6.552969932556152,0,-12.564330101013184
49584,441003828,644378100,0,-4.369055271148682,8.221585273742676,0,-13.144729614257812
49594,493435686,626563563,0,-5.093282699584961,10.805980682373047,0,-13.565084457397461
49604,530133791,623427048,0,-5.5782365798950195,12.496907234191895,0,-13.578922271728516
49614,550087447,632872430,0,-6.355533123016357,15.014697074890137,0,-13.337990760803223
49624,547986282,664332780,0,-6.9073991775512695,16.907474517822266,0,-13.08907413482666
49634,544843762,688451055,0,-7.7615766525268555,20.619897842407227,0,-12.723735809326172
49644,576265214,668532200,0,-8.192680358886719,24.091495513916016,0,-12.413840293884277
49654,618181630,628688354,0,-8.441614151000977,30.659107208251953,0,-11.729469299316406
49664,694643710,642332135,0,-8.166766166687012,35.1270866394043,0,-11.14140796661377
49674,747048735,623451624,0,-6.6223835945129395,38.313629150390625,0,-10.36012077331543
49684,748159726,562626034,0,-6.155082702636719,39.93922805786133,0,-9.28407096862793
49694,758701743,590935538,0,-4.806307315826416,41.93312072753906,0,-8.113079071044922
49704,733608553,601423360,0,-4.732741355895996,42.793418884277344,0,-6.663450241088867
49714,724250180,604575218,0,-4.603973388671875,43.731563568115234,0,-4.663145542144775
49724,739947044,623455726,0,-4.649432182312012,44.134559631347656,0,-3.170686721801758
49734,772476424,621357547,0,-4.639885425567627,44.51287078857422,0,-0.7131510972976685
49744,802823672,629742057,0,-4.291960716247559,44.62967300415039,0,0.8504527807235718
49754,822687199,628687343,0,-3.4314122200012207,44.57919692993164,0,3.1112420558929443
49764,841503169,627638769,0,-2.4820332527160645,44.35588455200195,0,4.426750659942627
49774,839355808,627636726,0,-0.7700600028038025,43.698974609375,0,6.1717143058776855
49784,827783555,624489974,0,0.5111706852912903,43.05016326904297,0,7.136900901794434
49794,818303339,623442423,0,2.5796613693237305,41.832759857177734,0,8.343740463256836
49804,809881954,621345275,0,4.070208549499512,40.9107780456543,0,8.997029304504395
49814,805660010,622390782,0,6.4392313957214355,39.5183219909668,0,9.832176208496094
49824,800404864,621335043,0,8.070230484008789,38.668025970458984,0,10.33871841430664
49834,789904790,618181126,0,10.56084156036377,37.55182647705078,0,11.034737586975098
49844,772062617,611885576,0,12.233501434326172,36.88898849487305,0,11.41261100769043
49854,759475588,605595148,0,14.729510307312012,35.81243896484375,0,11.869833946228027
49864,747950425,600352273,0,16.340133666992188,34.90594482421875,0,12.15001392364502
49874,750066987,596157969,0,18.615726470947266,33.129669189453125,0,12.685689926147461
49884,756384007,595109396,0,20.034513473510742,31.663923263549805,0,13.184747695922852
49894,752224482,590916121,0,21.933490753173828,29.087610244750977,0,14.156952857971191
49904,743877786,583574044,0,22.992137908935547,27.03777313232422,0,14.929654121398926
49914,750203983,578326045,0,24.223344802856445,23.171920776367188,0,16.325759887695312
49924,753400832,579368476,0,24.79726219177246,20.070701599121094,0,17.44713592529297
49934,744014848,579358239,0,25.143163681030273,14.730637550354004,0,19.294925689697266
49944,736721920,583537183,0,25.014842987060547,10.83386516571045,0,20.579450607299805
49954,723138560,587722271,0,24.253477096557617,4.826595783233643,0,22.461362838745117
49964,704312320,594000418,0,23.382396697998047,1.1317358016967773,0,23.565052032470703
49974,677096603,598178334,0,21.565034866333008,-3.126145601272583,0,24.901702880859375
49984,641484116,600261149,0,20.090566635131836,-4.818151950836182,0,25.530305862426758
49994,588051892,605500951,0,17.546066284179688,-6.0176920890808105,0,25.957027435302734
50004,572366259,609705482,0,15.589624404907227,-6.505417823791504,0,25.9813232421875
50014,577636741,614954503,0,12.388492584228516,-7.422544479370117,0,25.925785064697266
50024,582901071,623344133,0,10.111735343933105,-8.312663078308105,0,25.86346435546875
50034,586061090,632778240,0,6.551966667175293,-10.051116943359375,0,25.695091247558594
50044,576622860,639068663,0,4.151106357574463,-11.3917875289917,0,25.49726676940918
50054,568229131,642214383,0,0.5986967086791992,-13.472935676574707,0,25.017215728759766
50064,569270553,643266026,0,-1.7234238386154175,-14.8257417678833,0,24.618488311767578
50074,566106420,642221542,0,-5.086785793304443,-16.699512481689453,0,23.942607879638672
50084,567130454,644319725,0,-7.184719562530518,-17.793777465820312,0,23.454042434692383
50094,578636155,649558520,0,-10.084526062011719,-19.151294708251953,0,22.776573181152344
50104,590133689,658995701,0,-11.855565071105957,-19.780406951904297,0,22.418203353881836
50114,593241589,664242667,0,-14.234427452087402,-20.178770065307617,0,22.01109504699707
50124,595288640,666341859,0,-15.600706100463867,-20.031055450439453,0,21.834636688232422
50134,595254895,665295327,0,-17.32935905456543,-19.25945281982422,0,21.71729850769043
50144,592075406,661105116,0,-18.299358367919922,-18.492740631103516,0,21.716571807861328
50154,586803861,654817758,0,-19.514915466308594,-17.177715301513672,0,21.78402328491211
50164,576295555,648530399,0,-20.164575576782227,-16.327903747558594,0,21.85357093811035
50174,560549477,642245083,0,-20.96663475036621,-15.27733039855957,0,21.91866683959961
50184,551098952,639099357,0,-21.416969299316406,-14.768113136291504,0,21.90859603881836
50194,547935785,638046688,0,-21.93548583984375,-14.255091667175293,0,21.898603439331055
50204,545816090,640139741,0,-22.162654876708984,-14.058908462524414,0,21.900461196899414
50214,554189341,643280347,0,-22.3679256439209,-13.784120559692383,0,21.968029022216797
50224,578290230,647468511,0,-22.437725067138672,-13.479898452758789,0,22.127023696899414
50234,605532758,647466460,0,-22.436325073242188,-12.679976463317871,0,22.627614974975586
50244,620194415,643274201,0,-22.349201202392578,-11.921578407287598,0,23.11132049560547
50254,625425020,638034391,0,-22.125991821289062,-10.614092826843262,0,23.92823028564453
50264,627519107,634890712,0,-21.927095413208008,-9.683930397033691,0,24.496522903442383
50274,630663828,632796633,0,-21.610212326049805,-8.19767951965332,0,25.359498977661133
50284,643245752,629655002,0,-21.38526725769043,-7.055861949920654,0,25.972091674804688
50294,661074676,630708701,0,-21.037460327148438,-4.89152193069458,0,27.008060455322266
50304,688355124,629664222,0,-20.838520050048828,-3.055191993713379,0,27.81064224243164
50314,717750116,629666263,0,-20.70652961730957,0.26309236884117126,0,29.24349021911621
50324,725135239,632821209,0,-20.811317443847656,2.7459964752197266,0,30.331544876098633
50334,731462567,639113686,0,-21.2117862701416,6.819215297698975,0,32.02690124511719
50344,743013293,641210832,0,-21.556528091430664,9.672958374023438,0,33.25174331665039
50354,741964707,643311057,0,-22.02631187438965,13.96267032623291,0,35.17776107788086
50364,733568916,643318229,0,-22.244009017944336,16.747434616088867,0,36.44942855834961
50374,727261063,641227220,0,-22.390539169311523,20.792797088623047,0,38.279327392578125
50384,724105086,641233364,0,-22.3584041595459,23.40138053894043,0,39.4415283203125
50394,720945023,641239510,0,-22.144901275634766,27.249189376831055,0,41.11665344238281
50404,709387125,642293206,0,-21.86894416809082,29.761899948120117,0,42.13725662231445
50414,689433424,643343829,0,-21.261186599731445,33.21912384033203,0,43.39414978027344
50424,663173913,646489559,0,-20.728445053100586,35.162879943847656,0,43.983360290527344
50434,632706773,651732441,0,-19.684185028076172,37.35560989379883,0,44.34836196899414
50444,604332681,659071449,0,-18.808176040649414,38.2748908996582,0,44.21453094482422
50454,577017418,662217177,0,-17.267202377319336,38.864559173583984,0,43.479835510253906
50464,549689875,662217178,0,-16.073165893554688,38.809749603271484,0,42.644325256347656
50474,521315821,660120028,0,-14.011560440063477,38.25700378417969,0,40.89372634887695
50484,489796051,653828574,0,-12.459742546081543,37.676788330078125,0,39.40625
50494,459338170,646488545,0,-9.894396781921387,36.597312927246094,0,36.73984146118164
50504,427852192,638101985,0,-8.091912269592285,35.7748908996582,0,34.750587463378906
50514,398477704,631812575,0,-5.350649356842041,34.43745040893555,0,31.533584594726562
50524,372268406,626571744,0,-3.557389974594116,33.5166130065918,0,29.296955108642578
50534,353412472,620283363,0,-1.005921721458435,32.200382232666016,0,25.911991119384766
50544,348205493,612950505,0,0.5732704997062683,31.602622985839844,0,23.716571807861328
50554,358745632,608762357,0,2.67877459526062,31.59779167175293,0,20.662817001342773
50564,381873785,604568059,0,3.8554069995880127,32.231876373291016,0,18.868825912475586
50574,410227330,601420285,0,5.3506855964660645,33.58586883544922,0,16.550817489624023
50584,417589836,600376831,0,6.224935054779053,34.35603713989258,0,15.155516624450684
50594,422849020,604575238,0,7.419209957122803,34.93667221069336,0,13.156970977783203
50604,439629235,607724042,0,8.201186180114746,34.89033508300781,0,11.903346061706543
50614,459538819,611923464,0,9.520429611206055,34.3459587097168,0,10.11220645904541
50624,485749109,617170441,0,10.518548011779785,33.812461853027344,0,9.006054878234863
50634,511957377,619271693,0,12.187530517578125,33.05290222167969,0,7.505423069000244
50644,538165660,621369871,0,13.406815528869629,32.66686248779297,0,6.607731819152832
50654,568568245,621369870,0,15.411575317382812,32.315101623535156,0,5.438090801239014
50664,608417215,621365773,0,16.844898223876953,32.1558837890625,0,4.819732189178467
50674,656651700,617166354,0,19.169294357299805,31.829814910888672,0,4.218026638031006
50684,697544094,612964885,0,20.85065460205078,31.456865310668945,0,4.0228590965271
50694,719564174,609809942,0,23.520591735839844,30.631032943725586,0,3.9976484775543213
50704,723760517,604557848,0,25.3321475982666,29.969820022583008,0,4.075465202331543
50714,717476218,598258203,0,28.015579223632812,28.858022689819336,0,4.251215934753418
50724,710158695,594056737,0,29.73168182373047,28.01193618774414,0,4.407441139221191
50734,699713869,590908970,0,32.044010162353516,26.452539443969727,0,4.789831638336182
50744,682979635,589859376,0,33.362545013427734,25.21815299987793,0,5.130142688751221
50754,669387051,590908977,0,34.943153381347656,23.1318359375,0,5.7466840744018555
50764,667318583,591956529,0,35.79772186279297,21.69608497619629,0,6.2382354736328125
50774,672582988,595102259,0,36.865028381347656,19.595699310302734,0,7.136288166046143
50784,682040663,596149812,0,37.45851135253906,18.210390090942383,0,7.865236282348633
50794,693588307,595100208,0,38.2082633972168,16.027196884155273,0,9.150041580200195
50804,710366536,590903856,0,38.66719055175781,14.4498929977417,0,10.139392852783203
50814,729247034,589853234,0,39.32958221435547,11.816923141479492,0,11.848133087158203
50824,741844263,588799541,0,39.71274185180664,9.877930641174316,0,13.136700630187988
50834,758635793,585649713,0,40.108150482177734,6.605778217315674,0,15.294966697692871
50844,774380801,583545393,0,40.24991226196289,4.227562427520752,0,16.87206268310547
50854,775449845,581435956,0,40.23142623901367,0.4174182415008545,0,19.387775421142578
50864,762891518,580376117,0,40.014060974121094,-2.157716989517212,0,21.062503814697266
50874,748233984,577214002,0,39.43821716308594,-5.837049961090088,0,23.364503860473633
50884,729392388,577207855,0,38.84065246582031,-8.210798263549805,0,24.75971031188965
50894,693774603,571959852,0,37.63947677612305,-11.42509651184082,0,26.420637130737305
50904,672865563,573000232,0,36.6010627746582,-13.319019317626953,0,27.22124671936035
50914,638325034,570895906,0,34.529170989990234,-15.69157886505127,0,27.888622283935547
50924,620565813,574034464,0,32.82014846801758,-17.018020629882812,0,27.998430252075195
50934,591280448,581376548,0,29.781883239746094,-18.637252807617188,0,27.644697189331055
50944,557784406,588725794,0,27.456424713134766,-19.431987762451172,0,27.02803611755371
50954,538952043,597123605,0,23.64826774597168,-20.26180648803711,0,25.652481079101562
50964,529529213,606569998,0,20.933683395385742,-20.650026321411133,0,24.55434799194336
50974,535820682,619157003,0,16.595258712768555,-21.1182861328125,0,22.76703453063965
50984,552597910,630693380,0,13.580770492553711,-21.4212703704834,0,21.59198760986328
50994,579860899,640130553,0,8.968780517578125,-21.905160903930664,0,19.977256774902344
51004,608172468,645375473,0,5.91092586517334,-22.2434139251709,0,19.06385612487793
51014,632285654,652717552,0,1.5033682584762573,-22.63147735595703,0,17.97519874572754
51024,662654472,656910827,0,-1.2856473922729492,-22.699228286743164,0,17.44402503967285
51034,707705409,661098982,0,-5.282560348510742,-22.372957229614258,0,17.070005416870117
51044,745415293,663194081,0,-7.847012042999268,-21.8147029876709,0,17.135011672973633
51054,767384247,665291231,0,-11.42063045501709,-20.394302368164062,0,17.665151596069336
51064,778866409,666338781,0,-13.547677040100098,-19.071775436401367,0,18.269100189208984
51074,784068363,667386330,0,-16.338787078857422,-16.610239028930664,0,19.494112014770508
51084,785070889,668433880,0,-17.9577693939209,-14.728001594543457,0,20.472164154052734
51094,775579459,669482454,0,-19.89113998413086,-11.562315940856934,0,22.126798629760742
51104,761893717,669485524,0,-20.82940673828125,-9.284608840942383,0,23.3000431060791
51114,747172701,668442064,0,-21.731760025024414,-5.729294776916504,0,25.071088790893555
51124,735613800,667400653,0,-22.09227180480957,-3.310962677001953,0,26.228870391845703
51134,729296763,664262090,0,-22.349916458129883,0.4347749948501587,0,27.921205520629883
51144,727177110,661122506,0,-22.337923049926758,3.050800085067749,0,29.028966903686523
51154,726118324,657983948,0,-22.078805923461914,7.218671798706055,0,30.66077995300293
51164,720873425,654846416,0,-21.811519622802734,10.150877952575684,0,31.71365737915039
51174,713530344,650659283,0,-21.312164306640625,14.724695205688477,0,33.195526123046875
51184,708280307,647518678,0,-20.901981353759766,17.835119247436523,0,34.1064338684082
51194,705123314,646475225,0,-20.136322021484375,22.482221603393555,0,35.3612174987793
51204,703012839,647529945,0,-19.519329071044922,25.51055145263672,0,36.113006591796875
51214,703000531,647536087,0,-18.442584991455078,29.854080200195312,0,37.10515594482422
51224,704035766,648589782,0,-17.62858009338379,32.57978439331055,0,37.681827545166016
51234,698771345,647546328,0,-16.26551628112793,36.31028366088867,0,38.37411117553711
51244,688253796,648597981,0,-15.241594314575195,38.51886749267578,0,38.65809631347656
51254,675641139,649648607,0,-13.547487258911133,41.31096649169922,0,38.76042938232422
51264,661974790,649650657,0,-12.33863353729248,42.85642623901367,0,38.61491775512695
51274,642009828,648605155,0,-10.397407531738281,44.75412368774414,0,38.0112190246582
51284,618895049,644412901,0,-9.028629302978516,45.8172721862793,0,37.332828521728516
51294,592639664,639172072,0,-6.885058403015137,47.15879821777344,0,35.85195541381836
51304,562195094,632882667,0,-5.4453125,47.91823959350586,0,34.596397399902344
51314,531762809,629738989,0,-3.3356428146362305,48.85164260864258,0,32.321903228759766
51324,502388315,626595308,0,-2.005669593811035,49.3549690246582,0,30.613525390625
51334,484551232,621354477,0,-0.12848252058029175,49.924415588378906,0,27.819007873535156
51344,477208105,614016495,0,1.083713412284851,50.221858978271484,0,25.866405487060547
51354,474067478,607727092,0,2.846102476119995,50.59040451049805,0,22.906986236572266
51364,476182010,601438712,0,3.977505922317505,50.770774841308594,0,20.971086502075195
51374,481451481,597246459,0,5.575301170349121,50.84345245361328,0,18.21613311767578
51384,494072232,594104829,0,6.571843147277832,50.70825958251953,0,16.54290008544922
51394,504572278,587817469,0,7.984159469604492,50.10103988647461,0,14.273212432861328
51404,523466024,582579714,0,8.954020500183105,49.40149688720703,0,12.879350662231445
51414,540263649,577345029,0,10.458559036254883,47.68049240112305,0,11.042401313781738
51424,561259718,579445255,0,11.486124038696289,46.24650573730469,0,9.984299659729004
51434,586461393,579446281,0,13.029617309570312,43.996543884277344,0,8.781147956848145
51444,610617562,578392588,0,14.028422355651855,42.531707763671875,0,8.236588478088379
51454,631630032,578384399,0,15.423066139221191,40.23889923095703,0,7.847967147827148
51464,646347976,581517839,0,16.260948181152344,38.58592224121094,0,7.836275100708008
51474,653726929,591992339,0,17.29591178894043,35.97770309448242,0,8.176839828491211
51484,656905464,604568089,0,17.840003967285156,34.294864654541016,0,8.585236549377441
51494,655867172,616096283,0,18.498580932617188,32.05158615112305,0,9.33440113067627
51504,651661623,624480798,0,18.911865234375,30.734378814697266,0,9.843090057373047
51514,647436593,628669981,0,19.6426944732666,28.81656837463379,0,10.509991645812988
51524,643206432,631810587,0,20.265392303466797,27.4891300201416,0,10.856295585632324
51534,636878097,629710365,0,21.439271926879883,25.40533447265625,0,11.223766326904297
51544,633699586,624464416,0,22.379791259765625,23.966012954711914,0,11.384401321411133
51554,629486825,616073761,0,23.98134422302246,21.675254821777344,0,11.55313777923584
51564,623185097,606638628,0,25.1173095703125,20.007225036621094,0,11.640518188476562
51574,620039331,598252069,0,26.844995498657227,17.216960906982422,0,11.77358341217041
51584,625295489,590915110,0,27.965787887573242,15.141098976135254,0,11.921817779541016
51594,635800673,584624678,0,29.52107810974121,11.679438591003418,0,12.330954551696777
51604,651555920,580427302,0,30.436742782592773,9.136763572692871,0,12.76620864868164
51614,669408355,579370535,0,31.583810806274414,5.164907455444336,0,13.706775665283203
51624,683067541,578310698,0,32.179664611816406,2.5993196964263916,0,14.516825675964355
51634,686253254,578299436,0,32.76819610595703,-0.9385631084442139,0,15.894257545471191
51644,685250791,578289196,0,32.87396240234375,-3.106210470199585,0,16.845773696899414
51654,678997254,578279980,0,32.64260482788086,-6.10087776184082,0,18.225730895996094
51664,673789226,582465068,0,32.25078582763672,-7.883613586425781,0,19.080930709838867
51674,666484038,585604649,0,31.348325729370117,-10.220148086547852,0,20.223495483398438
51684,677003626,588753445,0,30.524396896362305,-11.574166297912598,0,20.918354034423828
51694,683329923,590849579,0,28.995820999145508,-13.258063316345215,0,21.9080753326416
51704,689656212,596089379,0,27.783992767333984,-14.221545219421387,0,22.505859375
51714,699121080,600287773,0,25.594188690185547,-15.388995170593262,0,23.355186462402344
51724,709637596,604484125,0,23.97704315185547,-15.936511039733887,0,23.887338638305664
51734,713854460,606585374,0,21.320650100708008,-16.379182815551758,0,24.642934799194336
51744,709665308,609735201,0,19.469995498657227,-16.468616485595703,0,25.100439071655273
51754,700210760,613930530,0,16.774703979492188,-16.20443344116211,0,25.72783660888672
51764,693885563,622318106,0,15.116788864135742,-15.76587200164795,0,26.15337371826172
51774,695947954,630702605,0,12.904492378234863,-14.628271102905273,0,26.87848472595215
51784,708492011,632795657,0,11.598628997802734,-13.60171890258789,0,27.474884033203125
51794,718943017,633841156,0,9.956513404846191,-11.572455406188965,0,28.6019287109375
51804,722084717,636984829,0,8.993451118469238,-9.87698745727539,0,29.447099685668945
51814,720009134,641176054,0,7.5044097900390625,-6.735028266906738,0,30.762622833251953
51824,715842532,643268083,0,6.420137882232666,-4.309034824371338,0,31.6556339263916
51834,704333822,649556468,0,4.647359371185303,-0.22616735100746155,0,33.01161193847656
51844,679180286,655848947,0,3.4127466678619385,2.7400877475738525,0,33.89555740356445
51854,640369662,662147572,0,1.6379330158233643,7.551635265350342,0,35.07741928100586
51864,586869758,668454395,0,0.5844035148620605,10.95915412902832,0,35.688270568847656
51874,530216958,669520379,0,-0.8039412498474121,16.255874633789062,0,36.219459533691406
51884,486146046,668491258,0,-1.6255491971969604,19.802335739135742,0,36.33559799194336
51894,462008318,666411512,0,-2.741586446762085,24.972375869750977,0,36.25003433227539
51904,446260222,664330740,0,-3.437887668609619,28.24593162536621,0,36.09382247924805
51914,444148732,662246894,0,-4.430845260620117,32.76201248168945,0,35.81624221801758
51924,454611906,657009134,0,-5.007366180419922,35.45065689086914,0,35.629615783691406
51934,477656971,649666026,0,-5.648893356323242,39.007389068603516,0,35.37994384765625
51944,509089617,644420072,0,-5.9009013175964355,41.05047607421875,0,35.26588439941406
51954,544713502,641271275,0,-5.9365081787109375,43.64850997924805,0,35.1628303527832
51964,571954934,642318830,0,-5.731476783752441,45.10742950439453,0,35.12733840942383
51974,582418145,642317807,0,-5.197176933288574,47.031341552734375,0,35.044437408447266
51984,569812699,641268206,0,-4.756673812866211,48.22175979614258,0,34.88312530517578
51994,538331862,637075950,0,-4.123510837554932,49.95467758178711,0,34.37002944946289
52004,495315651,630788592,0,-3.7777669429779053,51.044246673583984,0,33.77781295776367
52014,457547416,624500210,0,-3.4252357482910156,52.40950012207031,0,32.53273010253906
52024,430273114,619259378,0,-3.294184684753418,53.018009185791016,0,31.51947784423828
52034,411394583,618212850,0,-3.2208399772644043,53.37868881225586,0,29.836872100830078
52044,408260061,621359602,0,-3.2386579513549805,53.25385665893555,0,28.692964553833008
52054,409313721,623459824,0,-3.301665782928467,52.66946792602539,0,27.043243408203125
52064,414545328,625560047,0,-3.312765598297119,52.14497756958008,0,25.942174911499023
52074,423977404,628707824,0,-3.2111332416534424,51.381710052490234,0,24.262264251708984
52084,428167627,630809070,0,-3.0864171981811523,50.96806716918945,0,23.15263557434082
52094,431299017,628712938,0,-2.83086895942688,50.42543029785156,0,21.45697784423828
52104,433376680,625565164,0,-2.5814669132232666,49.98278045654297,0,20.262422561645508
52114,433357152,619270639,0,-2.070894479751587,48.90548324584961,0,18.358884811401367
52124,435438842,615072241,0,-1.6316475868225098,47.684871673583984,0,17.02457618713379
52134,431234221,615069169,0,-0.8440989851951599,45.09723663330078,0,14.971803665161133
52144,423892111,617164271,0,-0.26088863611221313,43.07231903076172,0,13.578575134277344
52154,411313295,618212849,0,0.6370229125022888,39.96977615356445,0,11.473512649536133
52164,400840856,617163253,0,1.2261731624603271,37.96080017089844,0,10.078021049499512
52174,396667037,616113654,0,2.0512571334838867,35.046356201171875,0,8.06560230255127
52184,396686493,615065076,0,2.556950092315674,33.13731002807617,0,6.796483039855957
52194,404055198,619258359,0,3.23291277885437,30.28732681274414,0,5.059717655181885
52204,411420840,623452666,0,3.622016668319702,28.419565200805664,0,4.0336809158325195
52214,425070770,627645945,0,4.152207374572754,25.719881057739258,0,2.6637439727783203
52224,450256048,632885753,0,4.482726573944092,23.947179794311523,0,1.9059953689575195
52234,473333932,638124541,0,4.985346794128418,21.230655670166016,0,1.02019464969635
52244,493249718,641266177,0,5.380798816680908,19.425352096557617,0,0.566166341304779
52254,503716031,642310658,0,6.144356727600098,16.804412841796875,0,-0.01701684109866619
52264,507882679,640208387,0,6.812173843383789,15.075677871704102,0,-0.3837134838104248
52274,512052378,636007940,0,8.041618347167969,12.33057689666748,0,-0.9179133176803589
52284,518324346,632856069,0,9.008768081665039,10.309950828552246,0,-1.2433006763458252
52294,524603505,630754825,0,10.601554870605469,7.098953723907471,0,-1.6255680322647095
52304,527739008,628652558,0,11.750926971435547,4.976236343383789,0,-1.8112380504608154
52314,534025376,627598864,0,13.55633544921875,1.9701566696166992,0,-1.9799646139144897
52324,546616526,625497619,0,14.757160186767578,0.16964969038963318,0,-1.988526701927185
52334,561305850,621301269,0,16.478527069091797,-2.190321445465088,0,-1.8261240720748901
52344,581245214,615006741,0,17.55231285095215,-3.5669643878936768,0,-1.5875627994537354
52354,601188656,610809366,0,18.98509407043457,-5.488972187042236,0,-1.0199283361434937
52364,622182713,606610971,0,19.80134391784668,-6.749011039733887,0,-0.4992161691188812
52374,640034110,604507677,0,20.80501365661621,-8.677818298339844,0,0.44881027936935425
52384,650536270,602405408,0,21.331846237182617,-9.960312843322754,0,1.1728521585464478
52394,654749032,603450915,0,21.958126068115234,-11.74071216583252,0,2.312532901763916
52404,660012425,602398243,0,22.24863624572754,-12.776803970336914,0,3.0828864574432373
52414,658979242,601349669,0,22.506559371948242,-14.050848960876465,0,4.247697353363037
52424,655847872,600299046,0,22.606897354125977,-14.732931137084961,0,4.988719463348389
52434,656914887,600295971,0,22.608108520507812,-15.616280555725098,0,6.049435138702393
52444,655883717,599245347,0,22.496374130249023,-16.18111228942871,0,6.732057571411133
52454,665341376,600292898,0,22.155508041381836,-17.076417922973633,0,7.742465496063232
52464,681087428,601339424,0,21.808168411254883,-17.682321548461914,0,8.430875778198242
52474,697881042,602387998,0,21.08577537536621,-18.530288696289062,0,9.56599235534668
52484,714676707,602386970,0,20.47215461730957,-19.01316261291504,0,10.363917350769043
52494,730421751,601337368,0,19.351842880249023,-19.588390350341797,0,11.635896682739258
52504,743020043,600287769,0,18.49547004699707,-19.858776092529297,0,12.51922607421875
52514,752472605,600286745,0,17.065488815307617,-20.090978622436523,0,13.873106956481934
52524,757731884,600285721,0,16.017375946044922,-20.137428283691406,0,14.776938438415527
52534,757748282,602380825,0,14.322583198547363,-20.047285079956055,0,16.09261703491211
52544,751474245,604476952,0,13.112427711486816,-19.884353637695312,0,16.921600341796875
52554,741007948,606572051,0,11.179856300354004,-19.50777816772461,0,18.044164657592773
52564,728440394,608668175,0,9.814388275146484,-19.207366943359375,0,18.706640243530273
52574,713774658,610764299,0,7.682925224304199,-18.748538970947266,0,19.558359146118164
52584,703300148,612860422,0,6.217123508453369,-18.477659225463867,0,20.045032501220703
52594,698067495,617052672,0,3.9500043392181396,-18.16429901123047,0,20.695899963378906
52604,698076702,620196347,0,2.389427661895752,-18.005889892578125,0,21.101402282714844
52614,699134490,622292470,0,-0.024954553693532944,-17.798173904418945,0,21.701433181762695
52624,700194332,625438191,0,-1.6955218315124512,-17.65126609802246,0,22.097007751464844
52634,701259296,629631464,0,-4.313376426696777,-17.384931564331055,0,22.66840362548828
52644,701279786,636968416,0,-6.1625165939331055,-17.154769897460938,0,23.027860641479492
52654,697098809,642208217,0,-9.067392349243164,-16.68869400024414,0,23.532255172729492
52664,685570635,648497618,0,-11.052414894104004,-16.280475616455078,0,23.830644607543945
52674,666687069,654788047,0,-13.963117599487305,-15.515166282653809,0,24.191232681274414
52684,643604075,663175630,0,-15.791961669921875,-14.91415786743164,0,24.36050796508789
52694,619466348,670514636,0,-18.346668243408203,-13.970093727111816,0,24.499065399169922
52704,599508572,674707908,0,-19.868408203125,-13.398292541503906,0,24.526145935058594
52714,584791621,679950784,0,-21.83262825012207,-12.731161117553711,0,24.524436950683594
52724,565859885,688340413,0,-22.85439109802246,-12.440875053405762,0,24.499738693237305
52734,547976738,693585340,0,-23.900129318237305,-12.153468132019043,0,24.42837142944336
52744,531130909,698831290,0,-24.224084854125977,-12.01284122467041,0,24.36356544494629
52754,520586782,701980087,0,-24.191213607788086,-11.802067756652832,0,24.2724666595459
52764,514239005,703032758,0,-23.85243034362793,-11.644896507263184,0,24.235248565673828
52774,503698960,704086459,0,-22.878070831298828,-11.446549415588379,0,24.21272087097168
52784,488961522,703041986,0,-21.9248104095459,-11.43258285522461,0,24.1890811920166
52794,479460812,697802186,0,-19.976730346679688,-11.713271141052246,0,24.15673065185547
52804,477290920,684173776,0,-18.30095863342285,-12.091217041015625,0,24.191612243652344
52814,481423760,669496789,0,-15.268604278564453,-12.855806350708008,0,24.413822174072266
52824,491870597,656915927,0,-12.991117477416992,-13.433734893798828,0,24.68881607055664
52834,506540401,645383635,0,-9.429560661315918,-14.401025772094727,0,25.302465438842773
52844,518090092,639093209,0,-7.113396644592285,-15.138526916503906,0,25.80409049987793
52854,525444471,631753189,0,-3.793832302093506,-16.216550827026367,0,26.648082733154297
52864,531748224,622313967,0,-1.6648993492126465,-16.900896072387695,0,27.253814697265625
52874,538051973,613923318,0,1.4072097539901733,-17.91827964782715,0,28.22881507873535
52884,544353669,604484092,0,3.3874094486236572,-18.62203025817871,0,28.923036575317383
52894,548564363,597142016,0,6.233888626098633,-19.7287540435791,0,30.02237319946289
52904,551740841,589799941,0,8.001564025878906,-20.407329559326172,0,30.76377296447754
52914,552832472,581409289,0,10.351256370544434,-21.131072998046875,0,31.820775985717773
52924,553935363,573017613,0,11.68188190460205,-21.382915496826172,0,32.45596694946289
52934,550854169,566725137,0,13.22687816619873,-21.489240646362305,0,33.234046936035156
52944,542533142,561482263,0,13.956661224365234,-21.490270614624023,0,33.59658432006836
52954,535263742,559385114,0,14.569887161254883,-21.56226921081543,0,33.85639190673828
52964,535338463,559385114,0,14.611946105957031,-21.73258399963379,0,33.85468673706055
52974,537494990,563581465,0,14.165423393249512,-22.13558578491211,0,33.6549072265625
52984,541746640,568824342,0,13.554300308227539,-22.414213180541992,0,33.406673431396484
52994,545991136,575115795,0,12.196102142333984,-22.691743850708008,0,32.883460998535156
53004,549186032,582454798,0,11.015641212463379,-22.760637283325195,0,32.441715240478516
53014,551325177,589794825,0,8.86448860168457,-22.73826789855957,0,31.644664764404297
53024,557652476,597135876,0,7.212210655212402,-22.689714431762695,0,31.051326751708984
53034,563973630,605524480,0,4.455393314361572,-22.611207962036133,0,30.11402702331543
53044,570285574,613912059,0,2.4705381393432617,-22.55883026123047,0,29.47262191772461
53054,576588310,621251063,0,-0.6504923105239868,-22.403213500976562,0,28.513986587524414
53064,581831209,628589042,0,-2.7737090587615967,-22.229055404663086,0,27.89520835876465
53074,586016310,636975596,0,-5.939520359039307,-21.859310150146484,0,27.03219985961914
53084,588091973,646409703,0,-7.982910633087158,-21.559864044189453,0,26.513355255126953
53094,587007570,655843809,0,-10.817850112915039,-21.00406265258789,0,25.84758949279785
53104,584866389,665276892,0,-12.503422737121582,-20.58670425415039,0,25.489431381225586
53114,583772746,672612822,0,-14.677148818969727,-19.9901180267334,0,25.090566635131836
53124,579534392,678902225,0,-15.893732070922852,-19.6634578704834,0,24.909406661987305
53134,573195812,684144075,0,-17.341882705688477,-19.318485260009766,0,24.733383178710938
53144,568963605,691482050,0,-18.068527221679688,-19.18143081665039,0,24.67346954345703
53154,564737555,699869628,0,-18.907142639160156,-19.018754959106445,0,24.64530372619629
53164,558407195,703016383,0,-19.267732620239258,-18.873035430908203,0,24.668901443481445
53174,547868192,701968836,0,-19.421451568603516,-18.570837020874023,0,24.7659912109375
53184,535223834,697775562,0,-19.184558868408203,-18.35504150390625,0,24.88043212890625
53194,520483336,689391056,0,-18.33053970336914,-18.12283706665039,0,25.10388946533203
53204,505746925,676812243,0,-17.423778533935547,-18.09742546081543,0,25.275806427001953
53214,495227354,667379151,0,-15.712376594543457,-18.25255012512207,0,25.548006057739258
53224,489965010,658994643,0,-14.428811073303223,-18.43454933166504,0,25.739442825317383
53234,485757390,651657692,0,-12.371895790100098,-18.74755859375,0,26.044775009155273
53244,484701638,642223587,0,-10.939740180969238,-18.992813110351562,0,26.25741195678711
53254,487841208,632787434,0,-8.7483491897583,-19.459312438964844,0,26.611083984375
53264,494128552,624398832,0,-7.267799377441406,-19.863515853881836,0,26.89105796813965
53274,501467547,617058804,0,-5.049890995025635,-20.598304748535156,0,27.391489028930664
53284,510907794,610767351,0,-3.597747325897217,-21.159446716308594,0,27.7843074798584
53294,518259087,604474874,0,-1.5048202276229858,-22.06549644470215,0,28.437360763549805
53304,521423250,599233022,0,-0.20226801931858063,-22.686908721923828,0,28.885286331176758
53314,523546011,596087297,0,1.5744209289550781,-23.587892532348633,0,29.5316162109375
53324,525672871,591892996,0,2.6166493892669678,-24.14088249206543,0,29.925230026245117
53334,526759354,588747271,0,3.9211390018463135,-24.853158950805664,0,30.4293270111084
53344,530993624,584551946,0,4.598215579986572,-25.187847137451172,0,30.69566535949707
53354,534181363,580357644,0,5.300575256347656,-25.447078704833984,0,30.98262596130371
53364,537372165,578259469,0,5.551727771759033,-25.49212646484375,0,31.087717056274414
53374,541613579,577209871,0,5.5747809410095215,-25.46092414855957,0,31.106884002685547
53384,545849869,578257422,0,5.359903812408447,-25.41702651977539,0,31.037111282348633
53394,551131665,582450700,0,4.710123062133789,-25.31415367126465,0,30.824556350708008
53404,555361818,586645003,0,4.079391002655029,-25.197452545166016,0,30.61988639831543
53414,558540324,592936457,0,2.8542604446411133,-24.929203033447266,0,30.218952178955078
53424,559618606,598179332,0,1.866275668144226,-24.690673828125,0,29.89054298400879
53434,558597691,603422207,0,0.15563781559467316,-24.23521614074707,0,29.309654235839844
53444,558622281,608664059,0,-1.1235363483428955,-23.863492965698242,0,28.872100830078125
53454,559694422,617052664,0,-3.2336785793304443,-23.20911979675293,0,28.157136917114258
53464,559713890,624392687,0,-4.760575294494629,-22.712718963623047,0,27.645771026611328
53474,562871916,634875364,0,-7.199098587036133,-21.904327392578125,0,26.86497688293457
53484,571265658,651648474,0,-8.89427661895752,-21.318246841430664,0,26.37401008605957
53494,577550995,670517713,0,-11.46229076385498,-20.276775360107422,0,25.732486724853516
53504,576474797,687291852,0,-13.099639892578125,-19.431747436523438,0,25.377016067504883
53514,564893365,699874763,0,-15.231325149536133,-18.00819969177246,0,24.940792083740234
53524,545953437,707215819,0,-16.329191207885742,-17.098230361938477,0,24.69184684753418
53534,528060017,710364616,0,-17.384498596191406,-16.04840087890625,0,24.363365173339844
53544,512249400,712466888,0,-17.653390884399414,-15.637176513671875,0,24.184070587158203
53554,499583497,711424461,0,-17.402393341064453,-15.414459228515625,0,23.995363235473633
53564,492164583,705139154,0,-16.76991844177246,-15.473837852478027,0,23.943193435668945
53574,492091857,693609943,0,-15.240845680236816,-15.728172302246094,0,24.01198387145996
53584,498325948,679981529,0,-13.873024940490723,-15.986367225646973,0,24.1872615814209
53594,511919531,667400665,0,-11.512742042541504,-16.490102767944336,0,24.646726608276367
53604,530767266,653769182,0,-9.806540489196777,-16.882266998291016,0,25.10317039489746
53614,545432992,642233829,0,-7.143682479858398,-17.51180076599121,0,25.978097915649414
53624,555913632,630697452,0,-5.345183372497559,-17.95146369934082,0,26.655540466308594
53634,563255712,622306802,0,-2.668130874633789,-18.650285720825195,0,27.76410675048828
53644,567458207,612867575,0,-0.9270016551017761,-19.155820846557617,0,28.540912628173828
53654,569571740,604476923,0,1.5713319778442383,-19.98930549621582,0,29.720428466796875
53664,569594266,597135871,0,3.123859405517578,-20.59551239013672,0,30.493515014648438
53674,568575384,589793795,0,5.248341083526611,-21.567583084106445,0,31.611562728881836
53684,566514070,584549894,0,6.4868035316467285,-22.254159927368164,0,32.30365753173828
53694,562363804,580354571,0,8.067294120788574,-23.297130584716797,0,33.227867126464844
53704,556124602,577207824,0,8.881916046142578,-23.88233757019043,0,33.71720886230469
53714,550939107,573012498,0,9.728708267211914,-24.446989059448242,0,34.24919128417969
53724,547853828,569865748,0,10.002880096435547,-24.581714630126953,0,34.44487380981445
53734,547910165,567768597,0,10.005258560180664,-24.56239128112793,0,34.53173065185547
53744,550056471,567768597,0,9.732775688171387,-24.48052215576172,0,34.4677848815918
53754,552190489,568818194,0,9.013239860534668,-24.331787109375,0,34.24972152709961
53764,552223267,571963921,0,8.347640991210938,-24.184213638305664,0,34.02919006347656
53774,548069938,576159246,0,7.080657958984375,-23.83149528503418,0,33.569671630859375
53784,541830720,581406217,0,5.985318183898926,-23.48283576965332,0,33.12915802001953
53794,534550087,587701764,0,3.925138473510742,-22.84577178955078,0,32.25360870361328
53804,530417223,595040764,0,2.2200841903686523,-22.401479721069336,0,31.51557731628418
53814,535714378,601331183,0,-0.8056238889694214,-21.771730422973633,0,30.27117156982422
53824,547293787,611814882,0,-3.132746934890747,-21.33116912841797,0,29.398820877075195
53834,562013802,623347158,0,-6.989473819732666,-20.57845687866211,0,28.10603904724121
53844,573569663,641169869,0,-9.79179859161377,-20.04689598083496,0,27.267391204833984
53854,585104048,658990531,0,-14.11959457397461,-18.967662811279297,0,26.09596061706543
53864,587182822,683103675,0,-16.93149757385254,-17.98044204711914,0,25.42778205871582
53874,577693471,701977015,0,-20.833797454833984,-16.016193389892578,0,24.58268928527832
53884,557692720,715612598,0,-23.055341720581055,-14.46570110321045,0,24.11392593383789
53894,533479171,720861623,0,-25.664165496826172,-12.289328575134277,0,23.507360458374023
53904,515534503,722963900,0,-26.76820182800293,-11.246258735656738,0,23.16490936279297
53914,508067396,722969025,0,-27.448816299438477,-10.431992530822754,0,22.785371780395508
53924,504795642,719830466,0,-27.171064376831055,-10.342633247375488,0,22.65792465209961
53934,505726413,707254724,0,-25.86054229736328,-10.568288803100586,0,22.65398406982422
53944,508809660,695725509,0,-24.482337951660156,-10.825821876525879,0,22.78083038330078
53954,518183340,681047494,0,-21.958999633789062,-11.275275230407715,0,23.138940811157227
53964,531786141,669513157,0,-20.048112869262695,-11.625350952148438,0,23.506746292114258
53974,553795980,662171076,0,-17.10051155090332,-12.25273323059082,0,24.257165908813477
53984,577918339,652729803,0,-15.172533988952637,-12.725625991821289,0,24.89689064025879
53994,592599423,643288535,0,-12.346355438232422,-13.486004829406738,0,26.022279739379883
54004,602032508,633847266,0,-10.469696998596191,-14.030431747436523,0,26.853492736816406
54014,606223738,626503144,0,-7.650380611419678,-14.918281555175781,0,28.18168830871582
54024,606222715,617061869,0,-5.774383068084717,-15.554869651794434,0,29.100513458251953
54034,603083135,608670193,0,-2.9938740730285645,-16.5576229095459,0,30.49009895324707
54044,595755394,601328117,0,-1.192789077758789,-17.25337791442871,0,31.405073165893555
54054,585288069,593987065,0,1.3767935037612915,-18.335708618164062,0,32.70513153076172
54064,567499158,587695616,0,2.9634101390838623,-19.048532485961914,0,33.47828674316406
54074,546579904,580355589,0,5.052107334136963,-19.872760772705078,0,34.394161224365234
54084,525671921,574064136,0,6.181421756744385,-20.159423828125,0,34.80024337768555
54094,513159695,566725131,0,7.412999629974365,-20.256927490234375,0,35.10809326171875
54104,511137294,563581454,0,7.886703968048096,-20.230419158935547,0,35.13676071166992
54114,515407352,562534926,0,8.022903442382812,-20.28423309326172,0,34.97819137573242
54124,524921308,566730253,0,7.719858646392822,-20.43964195251465,0,34.76337814331055
54134,531267028,571973131,0,6.7129974365234375,-20.79436492919922,0,34.305362701416016
54144,535507422,577214984,0,5.757428169250488,-21.011293411254883,0,33.922447204589844
54154,537638390,582456837,0,4.019496917724609,-21.17915153503418,0,33.25122833251953
54164,538721806,589796866,0,2.671196699142456,-21.140913009643555,0,32.73942184448242
54174,537718306,599236092,0,0.339773029088974,-20.910755157470703,0,31.859832763671875
54184,534626863,610770419,0,-1.4951328039169312,-20.675397872924805,0,31.163366317749023
54194,533624393,626494951,0,-4.647531986236572,-20.216548919677734,0,29.975570678710938
54204,538881658,644315610,0,-6.927434921264648,-19.7279052734375,0,29.155929565429688
54214,539921080,665280978,0,-10.368228912353516,-18.577739715576172,0,27.989519119262695
54224,533600996,681006543,0,-12.561490058898926,-17.5136775970459,0,27.270919799804688
54234,520964837,690442703,0,-15.505681037902832,-15.779674530029297,0,26.287723541259766
54244,508309176,697784785,0,-17.10378074645996,-14.773571014404297,0,25.701107025146484
54254,495641204,705128910,0,-18.870431900024414,-13.746495246887207,0,24.924394607543945
54264,485061174,714571206,0,-19.533954620361328,-13.435444831848145,0,24.482799530029297
54274,480773651,722966978,0,-19.80161476135254,-13.29954719543457,0,23.950782775878906
54284,480679429,724022726,0,-19.455337524414062,-13.291511535644531,0,23.720664978027344
54294,485834223,714591691,0,-18.235902786254883,-13.33734130859375,0,23.576202392578125
54304,499396041,702011851,0,-17.00175666809082,-13.492158889770508,0,23.64638328552246
54314,518216095,689428943,0,-14.732327461242676,-13.990471839904785,0,24.014453887939453
54324,534949245,675796439,0,-12.979400634765625,-14.50989818572998,0,24.4423828125
54334,550644073,663210460,0,-10.106549263000488,-15.485690116882324,0,25.31244659423828
54344,564248928,650624478,0,-8.06501293182373,-16.223356246948242,0,26.043771743774414
54354,575766879,638038499,0,-4.909646511077881,-17.397354125976562,0,27.313579559326172
54364,582051170,625451499,0,-2.7738993167877197,-18.211179733276367,0,28.259904861450195
54374,585197924,612865524,0,0.4214869737625122,-19.48630142211914,0,29.77916717529297
54384,585210212,601329146,0,2.507398843765259,-20.389421463012695,0,30.833372116088867
54394,582089061,591889918,0,5.471219539642334,-21.837854385375977,0,32.42131423950195
54404,572696970,583498243,0,7.265226364135742,-22.774856567382812,0,33.424644470214844
54414,561223117,574056967,0,9.587647438049316,-23.783039093017578,0,34.741886138916016
54424,544513547,563569165,0,10.853035926818848,-24.09080696105957,0,35.43164825439453
54434,526756391,555180562,0,12.325815200805664,-24.146230697631836,0,36.117374420166016
54444,515288612,549940758,0,13.022482872009277,-24.071739196777344,0,36.34606170654297
54454,512205333,547846680,0,13.617834091186523,-23.993627548217773,0,36.39599609375
54464,516467215,547850775,0,13.717369079589844,-23.96957778930664,0,36.29125213623047
54474,522834454,549952021,0,13.314270973205566,-23.865379333496094,0,35.92998123168945
54484,527114786,555198993,0,12.621222496032715,-23.68991470336914,0,35.53156661987305
54494,533500457,562542093,0,10.851985931396484,-23.265554428100586,0,34.670650482177734
54504,543032867,570932743,0,9.136012077331543,-22.931045532226562,0,33.920902252197266
54514,554660376,584565244,0,5.7583136558532715,-22.490427017211914,0,32.6010627746582
54524,562035216,603434479,0,3.009469985961914,-22.27566146850586,0,31.604578018188477
54534,579861033,630685154,0,-1.7329256534576416,-22.02625846862793,0,29.991008758544922
54544,593492586,651650518,0,-5.117372035980225,-21.664838790893555,0,28.942808151245117
54554,592444097,678908360,0,-10.07196044921875,-20.531583786010742,0,27.5273494720459
54564,576715556,704068032,0,-13.090299606323242,-19.28838348388672,0,26.698514938354492
54574,557742955,728182200,0,-16.877376556396484,-16.703907012939453,0,25.686220169067383
54584,530371430,742866359,0,-18.80296516418457,-14.776615142822266,0,25.147924423217773
54594,502972175,746020290,0,-20.695146560668945,-12.337183952331543,0,24.468969345092773
54604,484992650,744981962,0,-21.14638328552246,-11.328506469726562,0,24.10835075378418
54614,477499915,740798920,0,-20.563852310180664,-10.871501922607422,0,23.740087509155273
54624,478417329,729275843,0,-19.414377212524414,-11.117118835449219,0,23.644609451293945
54634,483555708,711456198,0,-16.786041259765625,-11.956456184387207,0,23.757104873657227
54644,490814809,689438159,0,-14.5548677444458,-12.705740928649902,0,24.001216888427734
54654,502294845,666367446,0,-10.712319374084473,-14.045544624328613,0,24.63225746154785
54664,520093986,647491033,0,-7.96793794631958,-15.087920188903809,0,25.236738204956055
54674,541065488,630710748,0,-3.789842128753662,-16.867422103881836,0,26.436119079589844
54684,563086602,618124767,0,-1.1075369119644165,-18.167247772216797,0,27.41277503967285
54694,584086803,606586345,0,2.626974105834961,-20.1825008392334,0,29.082111358642578
54704,596719948,596094457,0,4.857245445251465,-21.424358367919922,0,30.275972366333008
54714,598887867,584551941,0,7.725582599639893,-22.63216209411621,0,32.01300811767578
54724,589533740,573007371,0,9.260573387145996,-22.84447479248047,0,33.01935577392578
54734,578084453,561466894,0,10.98728084564209,-22.50482749938965,0,34.188602447509766
54744,564542036,556222994,0,11.744776725769043,-22.168535232543945,0,34.72474670410156
54754,545762842,555177492,0,12.234230041503906,-21.961687088012695,0,35.09831237792969
54764,523826664,557277718,0,12.169816970825195,-22.064842224121094,0,35.063140869140625
54774,510257622,560426519,0,11.592262268066406,-22.405986785888672,0,34.64121627807617
54784,507161062,563577363,0,10.954404830932617,-22.607847213745117,0,34.199363708496094
54794,507203089,568826383,0,9.626955032348633,-22.589508056640625,0,33.363525390625
54804,513535547,574073356,0,8.52283000946045,-22.30631446838379,0,32.733543395996094
54814,520918604,581417482,0,6.4908270835876465,-21.59401512145996,0,31.72208023071289
54824,531443270,589808134,0,4.899167537689209,-21.08724021911621,0,31.024831771850586
54834,538815031,601342462,0,2.159600257873535,-20.448604583740234,0,29.973567962646484
54844,548271657,614969840,0,0.154592365026474,-20.140216827392578,0,29.274974822998047
54854,557716013,631740899,0,-3.0157439708709717,-19.783329010009766,0,28.28175163269043
54864,562946636,650610138,0,-5.149454116821289,-19.483802795410156,0,27.67670249938965
54874,558722701,671578580,0,-8.165143966674805,-18.650814056396484,0,26.85942840576172
54884,548197085,691497417,0,-9.98204517364502,-17.686491012573242,0,26.36467933654785
54894,533469971,706175428,0,-12.352409362792969,-15.680887222290039,0,25.693029403686523
54904,513495826,716664262,0,-13.666082382202148,-14.182910919189453,0,25.276161193847656
54914,491411165,721912268,0,-15.12979793548584,-12.195616722106934,0,24.642969131469727
54924,470358669,726114771,0,-15.713363647460938,-11.242897033691406,0,24.210281372070312
54934,455587389,727173592,0,-15.828496932983398,-10.519525527954102,0,23.56478500366211
54944,448156153,724039127,0,-15.418715476989746,-10.429469108581543,0,23.165903091430664
54954,457509317,716706260,0,-14.073163032531738,-10.764404296875,0,22.724260330200195
54964,476309919,704128471,0,-12.781026840209961,-11.18069839477539,0,22.593271255493164
54974,503515521,688398810,0,-10.351251602172852,-12.009066581726074,0,22.71851921081543
54984,532833638,670570978,0,-8.50068473815918,-12.683676719665527,0,23.034027099609375
54994,559013195,651691498,0,-5.479881763458252,-13.904688835144043,0,23.84691047668457
55004,582056240,634909167,0,-3.345200300216675,-14.885544776916504,0,24.59627914428711
55014,601964828,620222962,0,-0.06498263776302338,-16.619455337524414,0,26.003047943115234
55024,617691414,608683510,0,2.111398935317993,-17.9180908203125,0,27.10963249206543
55034,626101578,598189564,0,5.220142841339111,-19.818872451782227,0,28.929197311401367
55044,624049582,585596417,0,7.108580589294434,-20.753162384033203,0,30.164705276489258
55054,611523083,568806919,0,9.551365852355957,-21.416751861572266,0,31.871200561523438
55064,586413629,555170319,0,10.939119338989258,-21.482742309570312,0,32.82857131958008
55074,545579588,548886036,0,12.720938682556152,-21.322744369506836,0,33.86104202270508
55084,516294200,546791960,0,13.681501388549805,-21.156665802001953,0,34.194271087646484
55094,517414438,541551136,0,14.599793434143066,-20.970775604248047,0,34.39344024658203
55104,513304094,540508703,0,14.862469673156738,-20.881948471069336,0,34.36330795288086
55114,510274081,544713235,0,14.496938705444336,-20.664939880371094,0,33.986419677734375
55124,513542689,549965315,0,13.596864700317383,-20.431896209716797,0,33.4873046875
55134,525208086,557311472,0,11.053008079528809,-19.991701126098633,0,32.417213439941406
55144,541063688,571992535,0,8.5430326461792,-19.724700927734375,0,31.519468307495117
55154,558889481,614972864,0,3.567741632461548,-19.446475982666016,0,29.917755126953125
55164,581958190,671569346,0,-0.5289696455001831,-19.27884864807129,0,28.695026397705078
55174,566229636,711400899,0,-6.960799694061279,-18.7213077545166,0,26.850595474243164
55184,510655218,744947140,0,-10.722216606140137,-17.831031799316406,0,25.61322021484375
55194,455025425,763818439,0,-15.028936386108398,-15.996920585632324,0,23.811962127685547
55204,402411208,771168716,0,-16.922468185424805,-14.903325080871582,0,22.652069091796875
55214,363421249,769090000,0,-18.117910385131836,-14.227100372314453,0,20.97614288330078
55224,346459588,759675347,0,-17.901575088500977,-14.472139358520508,0,19.971696853637695
55234,355732855,743966170,0,-16.11313247680664,-15.583881378173828,0,18.85619354248047
55244,379738453,721961439,0,-14.153863906860352,-16.51029396057129,0,18.47364616394043
55254,421596486,694701539,0,-10.601977348327637,-17.916414260864258,0,18.44306182861328
55264,475013438,667436518,0,-7.945130825042725,-18.838441848754883,0,18.834945678710938
55274,532676922,643313129,0,-3.7239415645599365,-20.243427276611328,0,20.099641799926758
55284,587202873,625481196,0,-0.8923578262329102,-21.230087280273438,0,21.31313705444336
55294,630194511,608695794,0,3.2554783821105957,-22.789112091064453,0,23.65412139892578
55304,659554721,592955897,0,5.831752777099609,-23.695833206176758,0,25.4210147857666
55314,666944019,575114751,0,9.204000473022461,-24.391681671142578,0,28.116703033447266
55324,651302504,558323209,0,11.069784164428711,-24.370437622070312,0,29.750762939453125
55334,624133752,545732117,0,13.346373558044434,-23.983917236328125,0,31.748746871948242
55344,598017607,539438616,0,14.494842529296875,-23.77111053466797,0,32.75008773803711
55354,575049222,537345560,0,15.516495704650879,-23.887901306152344,0,33.71354675292969
55364,546840040,539444764,0,15.774142265319824,-24.16080665588379,0,34.00200653076172
55374,524917244,544693784,0,15.470630645751953,-24.451488494873047,0,33.863624572753906
55384,515564065,550994446,0,14.817572593688965,-24.368608474731445,0,33.458030700683594
55394,517742129,557293063,0,13.189626693725586,-23.90667724609375,0,32.54013442993164
55404,523057700,564638211,0,11.67476749420166,-23.534000396728516,0,31.77318000793457
55414,532549135,573028866,0,8.875467300415039,-23.11296844482422,0,30.4826602935791
55424,540981775,589807100,0,6.7453532218933105,-22.904794692993164,0,29.577112197875977
55434,548351516,608681459,0,3.2103116512298584,-22.56266212463379,0,28.169193267822266
55444,559898169,632794600,0,0.7036505937576294,-22.27115249633789,0,27.242645263671875
55454,573521505,656904671,0,-3.1203386783599854,-21.606504440307617,0,25.980213165283203
55464,583969434,681015765,0,-5.600882530212402,-20.953899383544922,0,25.267330169677734
55474,584952534,698837452,0,-8.9314546585083,-19.463531494140625,0,24.46579360961914
55484,582788845,714564033,0,-10.815627098083496,-18.211952209472656,0,24.099519729614258
55494,578538192,728192437,0,-13.152822494506836,-16.339275360107422,0,23.754608154296875
55504,572171933,740771255,0,-14.394675254821777,-15.303309440612793,0,23.633424758911133
55514,553183845,750207431,0,-15.44420337677002,-14.191841125488281,0,23.59111976623535
55524,521589287,749161942,0,-15.436747550964355,-13.759857177734375,0,23.612136840820312
55534,488951268,738682329,0,-14.24305534362793,-13.665802955627441,0,23.654285430908203
55544,465780134,716673497,0,-12.785913467407227,-13.9603271484375,0,23.693613052368164
55554,452086132,698859991,0,-9.90653133392334,-14.86320686340332,0,23.806743621826172
55564,449962325,681044443,0,-7.763734340667725,-15.679096221923828,0,23.92701530456543
55574,461481285,664273378,0,-4.393007755279541,-17.083045959472656,0,24.258567810058594
55584,481401151,651691496,0,-2.13154935836792,-18.071914672851562,0,24.613981246948242
55594,513917256,635959791,0,1.154577612876892,-19.579795837402344,0,25.419889450073242
55604,550636914,621276663,0,3.1954174041748047,-20.48802947998047,0,26.157285690307617
55614,580029874,604491262,0,5.9351348876953125,-21.44577407836914,0,27.492321014404297
55624,595805669,590851588,0,7.522829532623291,-21.820480346679688,0,28.4442195892334
55634,600056315,578260489,0,9.47887897491455,-22.156261444091797,0,29.80768585205078
55644,593826298,569866766,0,10.506500244140625,-22.365394592285156,0,30.60773468017578
55654,580255218,564621844,0,11.618547439575195,-22.73697853088379,0,31.544702529907227
55664,560393712,563570201,0,12.103012084960938,-22.98511505126953,0,31.9533634185791
55674,538427895,562522649,0,12.470561027526855,-23.26470947265625,0,32.22077941894531
55684,522748416,563575320,0,12.501493453979492,-23.35502052307129,0,32.18873596191406
55694,516508167,565678617,0,12.212215423583984,-23.340930938720703,0,31.883365631103516
55704,520749577,568830488,0,11.773906707763672,-23.259254455566406,0,31.558063507080078
55714,533373451,573028886,0,10.744941711425781,-23.077627182006836,0,30.984939575195312
55724,548089362,578274836,0,9.830123901367188,-22.920589447021484,0,30.589862823486328
55734,561759771,584567309,0,8.112598419189453,-22.605981826782227,0,29.99014663696289
55744,574384677,595052034,0,6.697643280029297,-22.34141731262207,0,29.57879638671875
55754,585965104,610777594,0,4.163043975830078,-21.87360382080078,0,28.93157958984375
55764,598604351,634885613,0,2.1725077629089355,-21.512849807739258,0,28.46182632446289
55774,618569311,666329561,0,-1.2799558639526367,-20.8294734954834,0,27.76448631286621
55784,629052064,695678414,0,-3.7424824237823486,-20.160276412963867,0,27.361021041870117
55794,625859316,719787467,0,-7.238790512084961,-18.498382568359375,0,26.9257755279541
55804,607941420,733415886,0,-9.220869064331055,-16.973556518554688,0,26.76173210144043
55814,580556569,737612244,0,-11.233712196350098,-14.46921157836914,0,26.689306259155273
55824,543726265,734473693,0,-11.880378723144531,-13.083295822143555,0,26.688016891479492
55834,502695474,726095335,0,-11.658257484436035,-12.05400276184082,0,26.629629135131836
55844,466915765,713524715,0,-10.767026901245117,-12.101232528686523,0,26.542098999023438
55854,444791139,697807339,0,-8.4052095413208,-13.086620330810547,0,26.403104782104492
55864,436326718,679990762,0,-6.3447041511535645,-14.05696964263916,0,26.3729248046875
55874,443619639,662171115,0,-2.762901544570923,-15.66043472290039,0,26.52800750732422
55884,465621311,642252270,0,-0.22861193120479584,-16.714282989501953,0,26.812524795532227
55894,497079628,627573233,0,3.5470027923583984,-18.225122451782227,0,27.54827117919922
55904,531706206,613939703,0,5.94480037689209,-19.19649314880371,0,28.237730026245117
55914,564261271,599256573,0,9.117719650268555,-20.424985885620117,0,29.515579223632812
55924,588443114,586666498,0,10.907853126525879,-20.936914443969727,0,30.44417381286621
55934,599002665,573026824,0,12.998915672302246,-21.113445281982422,0,31.79524040222168
55944,601175607,561484305,0,14.047511100769043,-21.046297073364258,0,32.596805572509766
55954,597058077,554139160,0,15.072650909423828,-21.0307559967041,0,33.571739196777344
55964,586644990,549941788,0,15.411458969116211,-21.16547966003418,0,34.051090240478516
55974,566786553,549938718,0,15.422008514404297,-21.469453811645508,0,34.42623519897461
55984,544820757,550986267,0,15.1749849319458,-21.5606689453125,0,34.44828796386719
55994,530190900,552037910,0,14.444618225097656,-21.341907501220703,0,34.16981506347656
56004,516630081,554141201,0,13.667508125305176,-20.998435974121094,0,33.78614044189453
56014,507282997,560442890,0,11.88637924194336,-20.39765739440918,0,32.88048553466797
56024,505282084,570936832,0,10.18022346496582,-20.015884399414062,0,32.06199264526367
56034,509569569,588767733,0,6.799367904663086,-19.474763870239258,0,30.594331741333008
56044,516946472,616026605,0,4.046438217163086,-19.123437881469727,0,29.50196647644043
56054,530577976,647472609,0,-0.595439612865448,-18.630996704101562,0,27.819917678833008
56064,547355242,686255569,0,-3.8930881023406982,-18.21652603149414,0,26.746456146240234
56074,555743936,715610562,0,-8.666454315185547,-17.089994430541992,0,25.365360260009766
56084,547287821,735533504,0,-11.424946784973145,-15.87924861907959,0,24.635135650634766
56094,526178077,747070922,0,-14.524191856384277,-13.653238296508789,0,23.804479598999023
56104,501911259,750221772,0,-15.824992179870605,-12.275596618652344,0,23.370113372802734
56114,480784999,749182413,0,-16.50985336303711,-10.993711471557617,0,22.84467887878418
56124,464905713,744998353,0,-16.112634658813477,-10.800804138183594,0,22.565593719482422
56134,458482075,731376084,0,-14.364506721496582,-11.317708969116211,0,22.29343032836914
56144,462572904,711459286,0,-12.54818058013916,-12.013870239257812,0,22.260786056518555
56154,474041675,690490840,0,-9.188342094421387,-13.314992904663086,0,22.473783493041992
56164,496024890,670568921,0,-6.6945881843566895,-14.284319877624512,0,22.81768798828125
56174,521179439,651692511,0,-2.8665099143981934,-15.851541519165039,0,23.641908645629883
56184,548445482,634912232,0,-0.35231611132621765,-16.96483612060547,0,24.392587661743164
56194,574675251,620226033,0,3.263427495956421,-18.7165584564209,0,25.79691505432129
56204,595687790,604490233,0,5.463154315948486,-19.771989822387695,0,26.872278213500977
56214,605185480,591899133,0,8.319872856140137,-20.83449935913086,0,28.527137756347656
56224,604210715,577209857,0,9.854979515075684,-21.0855770111084,0,29.54838752746582
56234,594853438,565668362,0,11.617791175842285,-21.016237258911133,0,30.827104568481445
56244,572913198,558324246,0,12.451409339904785,-20.906869888305664,0,31.454269409179688
56254,545721865,555176474,0,13.225364685058594,-20.929677963256836,0,31.976613998413086
56264,521670129,555179545,0,13.443099021911621,-21.079933166503906,0,32.0486946105957
56274,506003955,557282840,0,13.344742774963379,-21.30055809020996,0,31.803905487060547
56284,501864974,559388182,0,12.995080947875977,-21.31068992614746,0,31.457422256469727
56294,506113582,562541076,0,12.054713249206543,-20.98188591003418,0,30.76785659790039
56304,513514045,568839695,0,11.11286449432373,-20.570507049560547,0,30.225353240966797
56314,523014714,577232394,0,9.157220840454102,-19.870254516601562,0,29.31247329711914
56324,532517424,590865924,0,7.463801860809326,-19.42668914794922,0,28.644168853759766
56334,542016038,607643125,0,4.357100963592529,-18.874446868896484,0,27.564579010009766
56344,550459942,631753190,0,1.922555923461914,-18.584436416625977,0,26.80994987487793
56354,555728444,656908765,0,-2.0802736282348633,-18.145524978637695,0,25.645139694213867
56364,558861935,683114968,0,-4.7985029220581055,-17.703657150268555,0,24.895139694213867
56374,558808749,706178512,0,-8.624814987182617,-16.598615646362305,0,23.91221809387207
56384,552427216,722952652,0,-10.79620361328125,-15.56900691986084,0,23.397560119628906
56394,537638589,732390863,0,-13.239730834960938,-13.94186019897461,0,22.824325561523438
56404,522847871,735538641,0,-14.256969451904297,-13.076128959655762,0,22.542261123657227
56414,508038694,736590287,0,-14.756826400756836,-12.440505027770996,0,22.24919319152832
56424,496381408,735547853,0,-14.409945487976074,-12.449681282043457,0,22.139511108398438
56434,489982394,727164365,0,-12.933439254760742,-12.870491027832031,0,22.12514305114746
56444,486752673,709342671,0,-11.429357528686523,-13.291251182556152,0,22.223665237426758
56454,485651853,692569556,0,-8.66617202758789,-14.084676742553711,0,22.5058536529541
56464,489805173,671600096,0,-6.5838541984558105,-14.730476379394531,0,22.786582946777344
56474,496069981,653774314,0,-3.212432861328125,-15.899154663085938,0,23.365612030029297
56484,506540355,636996080,0,-0.8672449588775635,-16.8389892578125,0,23.870393753051758
56494,523318578,623363572,0,2.6349527835845947,-18.47797966003418,0,24.82235336303711
56504,540108076,612875769,0,4.886559009552002,-19.683961868286133,0,25.592689514160156
56514,553763124,604487168,0,8.051980018615723,-21.559558868408203,0,26.909198760986328
56524,560097646,596095495,0,9.96535587310791,-22.706981658935547,0,27.831035614013672
56534,562251224,584556043,0,12.43225383758545,-23.746248245239258,0,29.153053283691406
56544,556022330,573016592,0,13.79062557220459,-23.866622924804688,0,29.917373657226562
56554,548746848,562526741,0,15.398734092712402,-23.466880798339844,0,30.802427291870117
56564,539373125,555186714,0,16.199106216430664,-23.151765823364258,0,31.20650863647461
56574,531038742,550996513,0,17.009254455566406,-22.98750114440918,0,31.538284301757812
56584,526890499,548903462,0,17.342607498168945,-23.0384578704834,0,31.614286422729492
56594,531130912,548908582,0,17.509292602539062,-22.97545623779297,0,31.567276000976562
56604,539576911,549963296,0,17.3638916015625,-22.66948890686035,0,31.45616912841797
56614,548039276,551016985,0,16.614633560180664,-21.800151824951172,0,31.139728546142578
56624,556509799,554166803,0,15.680196762084961,-21.086305618286133,0,30.80730438232422
56634,564987469,561509899,0,13.541976928710938,-20.093223571777344,0,30.137821197509766
56644,574516785,575141379,0,11.555625915527344,-19.56546974182129,0,29.587472915649414
56654,577750554,592962038,0,7.786706924438477,-19.002796173095703,0,28.59886932373047
56664,585103888,619164128,0,4.774718284606934,-18.782489776611328,0,27.833209991455078
56674,600832555,656895433,0,-0.36042746901512146,-18.504817962646484,0,26.605104446411133
56684,607124116,697776567,0,-4.040974140167236,-18.045637130737305,0,25.805809020996094
56694,583007013,730278320,0,-9.31441879272461,-16.329362869262695,0,24.694061279296875
56704,543124368,750202294,0,-12.307914733886719,-14.443961143493652,0,24.01881980895996
56714,503123852,756498884,0,-15.632856369018555,-11.19956111907959,0,23.1258544921875
56724,464153365,755460563,0,-16.91546058654785,-9.37923812866211,0,22.57825469970703
56734,436703842,751278554,0,-17.3570613861084,-7.978058338165283,0,21.765460968017578
56744,422891970,744997336,0,-16.61577796936035,-8.035741806030273,0,21.263765335083008
56754,421692769,732425681,0,-14.164777755737305,-9.119836807250977,0,20.68872833251953
56764,425784639,716705229,0,-11.825119972229004,-10.154550552368164,0,20.47829818725586
56774,438305082,696787409,0,-7.716372966766357,-11.750873565673828,0,20.436626434326172
56784,458228024,674768343,0,-4.736414432525635,-12.796027183532715,0,20.61168098449707
56794,490733877,654844381,0,-0.15764884650707245,-14.381220817565918,0,21.223073959350586
56804,529531188,637015526,0,2.8639042377471924,-15.48637580871582,0,21.897918701171875
56814,568328506,622331376,0,7.240939617156982,-17.221433639526367,0,23.32001304626465
56824,607125837,608694776,0,9.977957725524902,-18.4220027923584,0,24.526491165161133
56834,633377169,595055102,0,13.646585464477539,-20.035432815551758,0,26.611101150512695
56844,643931641,580364805,0,15.737870216369629,-20.7266845703125,0,28.05158805847168
56854,632476237,564625933,0,18.331298828125,-21.038908004760742,0,30.05967903137207
56864,606348892,552033817,0,19.709976196289062,-20.960500717163086,0,31.1661319732666
56874,569744934,542592545,0,21.210575103759766,-20.945308685302734,0,32.292388916015625
56884,536273382,539447845,0,21.853824615478516,-21.16362953186035,0,32.681640625
56894,511201731,540504613,0,22.212718963623047,-21.74247169494629,0,32.71398162841797
56904,507089370,543659553,0,22.050764083862305,-22.039512634277344,0,32.46224594116211
56914,516603399,547861023,0,21.198545455932617,-22.03050994873047,0,31.834705352783203
56924,529256994,552059419,0,20.239347457885742,-21.75885772705078,0,31.313148498535156
56934,541911588,558352918,0,18.15911865234375,-21.18354606628418,0,30.40526008605957
56944,553511450,566741520,0,16.36949920654297,-20.816699981689453,0,29.734054565429688
56954,560912917,580375045,0,13.08029842376709,-20.326709747314453,0,28.63909339904785
56964,563067417,596103673,0,10.524413108825684,-20.005630493164062,0,27.836027145385742
56974,567278117,613926381,0,6.246225833892822,-19.505416870117188,0,26.55228042602539
56984,568326714,634892771,0,3.196392774581909,-19.142101287841797,0,25.6760311126709
56994,568326759,657955291,0,-1.4682151079177856,-18.414501190185547,0,24.384445190429688
57004,560986789,675779027,0,-4.480566024780273,-17.67753028869629,0,23.575761795043945
57014,553599705,692555214,0,-8.580975532531738,-16.12029266357422,0,22.511165618896484
57024,547237602,703040972,0,-10.977648735046387,-14.925885200500488,0,21.923620223999023
57034,540858051,714576331,0,-13.8989839553833,-13.242228507995605,0,21.245107650756836
57044,536560265,721918409,0,-15.339667320251465,-12.359291076660156,0,20.923585891723633
57054,532250186,727164363,0,-16.581186294555664,-11.529186248779297,0,20.639148712158203
57064,531082779,726119885,0,-16.776254653930664,-11.254027366638184,0,20.57670783996582
57074,532023807,716687824,0,-16.132797241210938,-11.097142219543457,0,20.675922393798828
57084,538229235,702010835,0,-15.193090438842773,-11.06685733795166,0,20.86612892150879
57094,548655602,686285271,0,-13.221464157104492,-11.027013778686523,0,21.34048843383789
57104,563301881,672656859,0,-11.673938751220703,-10.965580940246582,0,21.769758224487305
57114,582160905,661123550,0,-9.200697898864746,-10.7631196975708,0,22.573331832885742
57124,606277155,651687392,0,-7.535421371459961,-10.518669128417969,0,23.2206974029541
57134,629357130,646444517,0,-5.113440036773682,-9.882885932922363,0,24.3542537689209
57144,652444297,642250218,0,-3.5910987854003906,-9.204737663269043,0,25.1932430267334
57154,675538650,635957740,0,-1.4981043338775635,-7.591387748718262,0,26.562822341918945
57164,693398313,630711793,0,-0.25657835602760315,-6.094289779663086,0,27.52491569519043
57174,701819743,625465847,0,1.3788819313049316,-3.326805591583252,0,28.985042572021484
57184,697655152,620222972,0,2.35178804397583,-1.3079943656921387,0,29.91175651550293
57194,690343778,618128894,0,3.624180555343628,1.667845606803894,0,31.186702728271484
57204,683027285,618132991,0,4.3621625900268555,3.551255941390991,0,31.964920043945312
57214,675702613,620234241,0,5.354825019836426,6.326127529144287,0,33.042938232421875
57224,665230167,621286915,0,5.964050769805908,8.1879301071167,0,33.70087432861328
57234,647416652,622340614,0,6.794305801391602,10.954364776611328,0,34.549827575683594
57244,625403690,623394314,0,7.299049377441406,12.678082466125488,0,34.989158630371094
57254,604438262,627593740,0,7.997247695922852,14.915068626403809,0,35.4679069519043
57264,589761222,633892366,0,8.411550521850586,16.11476707458496,0,35.68951416015625
57274,579260069,639143436,0,9.0643892288208,17.624439239501953,0,35.894447326660156
57284,577144465,641245707,0,9.57729721069336,18.498233795166016,0,35.95476150512695
57294,583412351,641248779,0,10.516728401184082,19.666635513305664,0,35.99626159667969
57304,598071924,642299405,0,11.27612018585205,20.355274200439453,0,36.02098083496094
57314,616926853,643350032,0,12.612052917480469,21.39979362487793,0,36.121158599853516
57324,638925483,642301454,0,13.660616874694824,22.25432014465332,0,36.23832702636719
57334,650451661,641247759,0,15.382999420166016,23.824771881103516,0,36.45972442626953
57344,648352470,635998738,0,16.56336784362793,24.99251937866211,0,36.60090637207031
57354,632620733,631801367,0,18.337181091308594,26.673049926757812,0,36.6817512512207
57364,610603672,629708317,0,19.474851608276367,27.63315200805664,0,36.60530471801758
57374,594876035,630766113,0,21.09086036682129,28.91275405883789,0,36.315372467041016
57384,588579448,629725728,0,22.14373016357422,29.723018646240234,0,36.03249740600586
57394,590666365,631821858,0,23.756378173828125,30.969640731811523,0,35.5205192565918
57404,594854500,628675104,0,24.8756046295166,31.784099578857422,0,35.15602111816406
57414,594849330,623430182,0,26.58891487121582,32.66650390625,0,34.55399703979492
57424,596944391,618189350,0,27.753734588623047,33.02020263671875,0,34.126548767089844
57434,597998067,615046694,0,29.491369247436523,33.298553466796875,0,33.4779052734375
57444,601162239,615045673,0,30.593385696411133,33.45354461669922,0,33.084964752197266
57454,608523782,611897898,0,32.1330451965332,33.75263595581055,0,32.63764572143555
57464,613783015,608749100,0,33.092010498046875,33.83571243286133,0,32.43644332885742
57474,613800374,608745003,0,34.42946243286133,33.533355712890625,0,32.24241638183594
57484,607527313,612936238,0,35.22446823120117,33.034828186035156,0,32.177284240722656
57494,596000131,616081972,0,36.28921890258789,32.07196807861328,0,32.09593963623047
57504,582365572,620274229,0,36.95902633666992,31.430110931396484,0,31.985044479370117
57514,575025550,627611187,0,37.915489196777344,30.56285858154297,0,31.744110107421875
57524,568717710,632857138,0,38.580745697021484,30.05463981628418,0,31.528364181518555
57534,550869384,641251894,0,39.64353561401367,29.388357162475586,0,31.00071144104004
57544,539296147,643355189,0,40.4550666809082,29.095733642578125,0,30.43522071838379
57554,543446450,647551537,0,41.9641227722168,29.054471969604492,0,29.30436134338379
57564,562288091,649649710,0,43.18049240112305,29.3134765625,0,28.460918426513672
57574,585331195,654894646,0,45.25855255126953,30.028871536254883,0,27.22784423828125
57584,602054145,649655867,0,46.868690490722656,30.694705963134766,0,26.326889038085938
57594,619801097,642314809,0,49.83335876464844,32.06817626953125,0,24.55647850036621
57604,634403372,628679225,0,52.19052505493164,33.426937103271484,0,22.992708206176758
57614,639631996,613996088,0,56.15593719482422,36.774269104003906,0,19.76103401184082
57624,641729252,596164148,0,58.906166076660156,40.248756408691406,0,16.84725570678711
57634,650117947,583570994,0,62.93497085571289,47.641056060791016,0,11.038986206054688
57644,658506601,564683318,0,65.4432144165039,54.14588165283203,0,6.019007205963135
57654,659555146,545795639,0,68.73760986328125,66.45189666748047,0,-4.086280345916748
57664,652215038,526906935,0,70.42547607421875,76.24321746826172,0,-12.762415885925293
57674,626000558,510121531,0,71.81663513183594,92.26980590820312,0,-27.716529846191406
57684,585133692,492293695,0,71.86925506591797,102.4610824584961,0,-37.53818130493164
57694,551633516,478667327,0,70.92693328857422,115.4849853515625,0,-50.150550842285156
57704,526545521,466095678,0,69.88106536865234,122.0859603881836,0,-56.42725372314453
57714,523475566,456668735,0,68.21467590332031,129.20693969726562,0,-62.93349075317383
57724,532993615,451430976,0,67.2565689086914,132.49244689941406,0,-65.8325424194336
57734,545651229,446191166,0,66.22746276855469,135.6949462890625,0,-68.7305679321289
57744,563554770,441997886,0,65.88707733154297,136.7511444091797,0,-69.9210433959961
57754,577267075,438853181,0,65.87934112548828,136.91455078125,0,-70.85974884033203
57764,594129226,440949303,0,66.28471374511719,135.96377563476562,0,-70.77286529541016
57774,612027687,445136433,0,67.39613342285156,133.39230346679688,0,-69.76403045654297
57784,614195461,455614001,0,68.43864440917969,130.7399139404297,0,-68.29810333251953
57794,595383527,467140147,0,70.21485137939453,124.74821472167969,0,-64.24720001220703
57804,561872082,478668344,0,71.33985900878906,119.06038665771484,0,-59.947818756103516
57814,526262478,492301879,0,72.61763000488281,107.86173248291016,0,-50.85093688964844
57824,489604309,504892993,0,73.0061264038086,98.68214416503906,0,-43.02439498901367
57834,467610851,518534727,0,72.65763854980469,83.68131256103516,0,-29.922204971313477
57844,459241714,531124805,0,71.78416442871094,74.01466369628906,0,-21.4174747467041
57854,464480509,543711811,0,69.75231170654297,61.451805114746094,0,-10.49805736541748
57864,473898246,553151042,0,68.09142303466797,54.61003494262695,0,-4.707325458526611
57874,485401870,560495171,0,65.39244842529297,46.42072677612305,0,1.9341744184494019
57884,508432685,567847489,0,63.63328552246094,42.09198760986328,0,5.321202754974365
57894,525187393,572044863,0,61.039188385009766,36.82128143310547,0,9.38715934753418
57904,548241731,569939514,0,59.39080810546875,33.766151428222656,0,11.718066215515137
57914,559772988,570978869,0,56.956329345703125,29.486114501953125,0,14.860838890075684
57924,554555710,575167031,0,55.21012496948242,26.81200408935547,0,16.765743255615234
57934,538875213,581454394,0,52.2023811340332,23.19986343383789,0,19.299434661865234
57944,521084260,587742772,0,49.88252639770508,21.140321731567383,0,20.745176315307617
57954,510625146,594031144,0,46.06938552856445,18.575057983398438,0,22.5476131439209
57964,510641553,601370144,0,43.362064361572266,17.1763858795166,0,23.573997497558594
57974,510653851,606611996,0,39.156795501708984,15.374784469604492,0,24.94063949584961
57984,493877632,609749527,0,36.220890045166016,14.277626991271973,0,25.67274284362793
57994,477100385,614985234,0,31.715133666992188,12.54977798461914,0,26.504297256469727
58004,465566032,624413198,0,28.66803741455078,11.369560241699219,0,26.85355567932129
58014,445643096,632797703,0,24.129615783691406,9.727364540100098,0,27.087505340576172
58024,423604598,642235904,0,21.20229148864746,8.845915794372559,0,27.016611099243164
58034,392120736,649582073,0,16.957584381103516,7.9474334716796875,0,26.574708938598633
58044,363781573,655881717,0,14.26688289642334,7.652189254760742,0,26.051319122314453
58054,336494046,664280564,0,10.425660133361816,7.492708206176758,0,24.996994018554688
58064,323896784,671628787,0,7.966315746307373,7.409311771392822,0,24.173357009887695
58074,335416740,677925358,0,4.39402437210083,6.953156471252441,0,22.928482055664062
58084,368935280,681071081,0,2.181335210800171,6.339320659637451,0,22.185998916625977
58094,411877692,686312936,0,-0.7166059017181396,4.9028472900390625,0,21.307615280151367
58104,456909082,690503146,0,-2.317781448364258,3.6774134635925293,0,20.896879196166992
58114,491451664,692594153,0,-4.187887191772461,1.6762930154800415,0,20.510555267333984
58124,517601578,691538410,0,-5.085893630981445,0.37411582469940186,0,20.363985061645508
58134,526982495,687338986,0,-5.932072639465332,-1.2140040397644043,0,20.25143814086914
58144,525894040,679996907,0,-6.216446876525879,-1.9368584156036377,0,20.1944637298584
58154,521669076,670557675,0,-6.352823734283447,-2.5213165283203125,0,20.088176727294922
58164,518512122,660070891,0,-6.332238674163818,-2.6296377182006836,0,20.000499725341797
58174,518517252,651682282,0,-6.299256324768066,-2.625953197479248,0,19.858301162719727
58184,517481984,647489004,0,-6.330990791320801,-2.61466646194458,0,19.758291244506836
58194,521694723,648539630,0,-6.510349750518799,-2.605149984359741,0,19.618507385253906
58204,528000538,651688428,0,-6.721784591674805,-2.5160772800445557,0,19.550058364868164
58214,533247547,655884779,0,-7.115888595581055,-2.1212151050567627,0,19.492748260498047
58224,536386129,656934380,0,-7.363929271697998,-1.688101887702942,0,19.48116683959961
58234,534278733,657982956,0,-7.662397861480713,-0.9794163107872009,0,19.47140884399414
58244,534259249,656935404,0,-7.776439666748047,-0.6134011149406433,0,19.462142944335938
58254,534234638,655886828,0,-7.7651143074035645,-0.33855387568473816,0,19.448078155517578
58264,535261686,653789676,0,-7.62428092956543,-0.33332300186157227,0,19.44120979309082
58274,537344500,652741100,0,-7.274954319000244,-0.4218844473361969,0,19.444198608398438
58284,540482058,651693549,0,-6.983089447021484,-0.4136623442173004,0,19.462997436523438
58294,543620654,650645997,0,-6.4852752685546875,-0.139688178896904,0,19.518596649169922
58304,545711695,648550894,0,-6.113759994506836,0.25439706444740295,0,19.567365646362305
58314,546757213,646455791,0,-5.527315139770508,1.033509612083435,0,19.644100189208984
58324,545703511,643312112,0,-5.114163875579834,1.5773061513900757,0,19.69046974182129
58334,546751038,641214961,0,-4.462787628173828,2.247667074203491,0,19.75399398803711
58344,547802659,640167411,0,-4.037810325622559,2.5312325954437256,0,19.799406051635742
58354,548852243,639119860,0,-3.4130423069000244,2.785451889038086,0,19.870899200439453
58364,551996947,638070261,0,-2.9956092834472656,2.9110097885131836,0,19.927385330200195
58374,553044513,635972085,0,-2.3595199584960938,3.1666393280029297,0,20.028352737426758
58384,554104377,638069241,0,-1.9651217460632324,3.4436237812042236,0,20.100112915039062
58394,553066070,640168443,0,-1.4545844793319702,4.085196018218994,0,20.209941864013672
58404,555170406,641219065,0,-1.16264009475708,4.6539177894592285,0,20.28366470336914
58414,556222047,642268665,0,-0.7669157981872559,5.525505542755127,0,20.405553817749023
58424,563560008,643315193,0,-0.502430260181427,6.015159606933594,0,20.511106491088867
58434,563553833,641217017,0,-0.07154423743486404,6.503440856933594,0,20.694299697875977
58444,554113559,639117819,0,0.24777816236019135,6.6755475997924805,0,20.77933692932129
58454,542584342,635972092,0,0.7084707617759705,6.86834192276001,0,20.824270248413086
58464,534209050,630731261,0,0.9607062935829163,7.013597011566162,0,20.804269790649414
58474,534227478,623391228,0,1.2025436162948608,7.242750644683838,0,20.755111694335938
58484,533199372,617100799,0,1.2665116786956787,7.352234363555908,0,20.736896514892578
58494,529043974,613957121,0,1.1290178298950195,7.452948570251465,0,20.714641571044922
58504,530148864,611860991,0,0.7819380164146423,7.496278285980225,0,20.71978187561035
58514,530210292,610808317,0,-0.23289616405963898,7.4864373207092285,0,20.80738639831543
58524,525021659,608705014,0,-1.2341786623001099,7.367500305175781,0,20.895038604736328
58534,516680138,609750512,0,-3.175286293029785,6.986958026885986,0,21.013500213623047
58544,507290054,610800108,0,-4.751046657562256,6.6656622886657715,0,21.065065383911133
58554,491601350,611851750,0,-7.489792346954346,6.1929097175598145,0,21.072298049926758
58564,476949929,613948901,0,-9.500536918640137,5.787205696105957,0,21.00554084777832
58574,466496916,619188708,0,-12.779606819152832,4.933463096618652,0,20.782447814941406
58584,478079369,622331360,0,-15.143637657165527,4.255977153778076,0,20.60968017578125
58594,469715323,618142153,0,-19.044240951538086,3.130927085876465,0,20.351579666137695
58604,447516852,730333616,0,-21.73302459716797,2.2170493602752686,0,20.091270446777344
58614,515377264,870855099,0,-23.108675003051758,-1.8121635913848877,0,19.452016830444336
58624,561475112,742935007,0,-22.256864547729492,-2.5825483798980713,0,19.608966827392578
58634,559282731,597170642,0,-21.593482971191406,-2.2037384510040283,0,19.86038589477539
58644,573029907,581429710,0,-21.346818923950195,-1.9786580801010132,0,20.057008743286133
58654,586722815,590865878,0,-21.472068786621094,-1.769203543663025,0,20.431787490844727
58664,596229574,579331547,0,-22.179540634155273,-1.8401097059249878,0,20.729341506958008
58674,621245002,661116368,0,-22.57981300354004,-1.6239761114120483,0,21.339256286621094
58684,583439839,662151641,0,-22.201004028320312,-1.3242614269256592,0,21.707361221313477
58694,619137495,629658085,0,-21.578624725341797,-1.679602861404419,0,22.278762817382812
58704,613831180,635959770,0,-21.223840713500977,-1.4193012714385986,0,22.820302963256836
58714,588710348,634912217,0,-20.42169952392578,-1.398861289024353,0,23.365337371826172
58724,599213546,662171092,0,-20.07746124267578,-1.4922375679016113,0,23.70683479309082
58734,574096879,653783513,0,-19.90816879272461,-1.4278031587600708,0,24.15201187133789
58744,562607606,645401049,0,-20.129549026489258,-1.4853068590164185,0,24.315956115722656
58754,546867701,631771613,0,-20.4753360748291,-1.478811502456665,0,24.472204208374023
58764,543714812,629677530,0,-20.657474517822266,-1.4722856283187866,0,24.527299880981445
58774,534252030,624430555,0,-20.79909324645996,-1.457824945449829,0,24.551475524902344
58784,525839872,622332378,0,-20.75728988647461,-1.4492034912109375,0,24.518102645874023
58794,521609733,624428512,0,-20.4325008392334,-1.4345059394836426,0,24.425783157348633
58804,514256393,627573216,0,-20.070409774780273,-1.4102290868759155,0,24.33062744140625
58814,501656071,627572196,0,-19.410846710205078,-1.4016880989074707,0,24.102006912231445
58824,504743435,612892146,0,-18.789155960083008,-1.3962457180023193,0,23.929044723510742
58834,519308803,596114940,0,-17.022109985351562,-1.3833272457122803,0,23.769309997558594
58844,542260732,595068421,0,-15.149446487426758,-1.3629722595214844,0,23.80462646484375
58854,562096632,596114945,0,-11.566697120666504,-1.342294692993164,0,24.041528701782227
58864,523239935,603444697,0,-8.752903938293457,-1.3670424222946167,0,24.26372528076172
58874,389022206,621274530,0,-4.3406662940979,-1.3621078729629517,0,23.701204299926758
58884,352322039,623386053,0,-1.4753459692001343,-1.284575343132019,0,22.802616119384766
58894,418772505,921163307,0,2.0953094959259033,-1.269182801246643,0,21.66992950439453
58904,486197745,719836688,0,1.9044139385223389,-1.2072967290878296,0,21.227853775024414
58914,537360821,586674694,0,1.4943797588348389,-1.547700047492981,0,21.024518966674805
58924,548839972,610793996,0,1.7173024415969849,-1.737631916999817,0,21.10074234008789
58934,551028235,687330832,0,2.117769241333008,-1.2794770002365112,0,21.2251033782959
58944,558376440,640152070,0,2.0226190090179443,-1.3879364728927612,0,21.305986404418945
58954,553109002,639106562,0,2.104313373565674,-1.3046820163726807,0,21.507217407226562
58964,542650867,641209855,0,2.050896644592285,-1.339625597000122,0,21.538131713867188
58974,537381386,638057983,0,2.065437078475952,-1.3050990104675293,0,21.57529640197754
58984,538451449,642253312,0,2.0304627418518066,-1.3228346109390259,0,21.58333969116211
58994,537387525,643299840,0,2.042556047439575,-1.2994470596313477,0,21.592893600463867
59004,538446332,642251265,0,2.0226736068725586,-1.3047808408737183,0,21.598947525024414
59014,536345088,643300864,0,2.0309722423553467,-1.2877877950668335,0,21.603872299194336
59024,536345087,641201664,0,2.009575128555298,-1.2966166734695435,0,21.60762596130371
59034,536348157,643300864,0,2.0190207958221436,-1.2790234088897705,0,21.603456497192383
59044,536342018,640153087,0,1.9977792501449585,-1.28941810131073,0,21.606781005859375
59054,535302651,642252288,0,2.000666856765747,-1.2749829292297363,0,21.60236930847168
59064,536339971,639104511,0,1.9865919351577759,-1.2804847955703735,0,21.604999542236328
59074,536351226,641203711,0,1.9814714193344116,-1.2732734680175781,0,21.6044979095459
59084,536339971,641202688,0,1.9777889251708984,-1.270386815071106,0,21.60542869567871
59094,536350203,642252288,0,1.9666024446487427,-1.2682467699050903,0,21.606794357299805
59104,536342018,642251264,0,1.9726932048797607,-1.2576305866241455,0,21.606901168823242
59114,536349181,641202688,0,1.9566372632980347,-1.2597280740737915,0,21.607328414916992
59124,536344064,642252288,0,1.9680092334747314,-1.2452666759490967,0,21.608306884765625
59134,535298558,640154112,0,1.9475494623184204,-1.2492446899414062,0,21.607074737548828
59144,536346110,642252287,0,1.9584577083587646,-1.2352533340454102,0,21.607011795043945
59154,535295488,640154112,0,1.9372408390045166,-1.239956259727478,0,21.605243682861328
59164,536348157,642252287,0,1.9468954801559448,-1.2263582944869995,0,21.606033325195312
59174,535294465,640154112,0,1.930006980895996,-1.2288480997085571,0,21.60551643371582
59184,536348157,642252288,0,1.9352320432662964,-1.218071699142456,0,21.60649871826172
59194,536343041,641202688,0,1.9241931438446045,-1.2169792652130127,0,21.60634422302246
